pair,horizon,model,n_train,n_test,MSE,MAE,QLIKE,dMSE_pct_vs_HAR_DOW,n_selected,alpha
AUDUSD,1,HAR,3082,644,0.238857121132127,0.3689358908805266,0.1496813925214964,3.200861003190558,,
AUDUSD,1,HAR+DOW,3082,644,0.23144876778183324,0.36115624528424306,0.14454271918192288,0.0,,
AUDUSD,1,HAR-X-agg,3082,644,0.21788130857188456,0.35775938003926716,0.12992696331815648,-5.8619708110684545,,
AUDUSD,1,N-HAR,3082,644,0.18927769817846823,0.3222790870580248,0.11793179170734192,-18.220477044455915,93.0,0.005085527284391863
AUDUSD,5,HAR,3082,640,0.1409868499854181,0.27791266834172,0.08751451283808001,0.6161487607363554,,
AUDUSD,5,HAR+DOW,3082,640,0.1401234808943867,0.27670963935024867,0.08673815102280849,0.0,,
AUDUSD,5,HAR-X-agg,3082,640,0.13442540486842564,0.2781193619329699,0.07960818835959291,-4.066467653808711,,
AUDUSD,5,N-HAR,3082,640,0.12763329874577112,0.2623036939382019,0.0796278688572369,-8.913696740112837,20.0,0.01678304498134488
AUDUSD,22,HAR,3082,623,0.1023268964353602,0.2461768951605677,0.055189062995132904,0.48877840324228544,,
AUDUSD,22,HAR+DOW,3082,623,0.10182917740799068,0.2454616079126434,0.05498471997748984,0.0,,
AUDUSD,22,HAR-X-agg,3082,623,0.10262117874420507,0.2496291582125768,0.05431901911068625,0.777774461479879,,
AUDUSD,22,N-HAR,3082,623,0.10182917740799065,0.24546160791264296,0.05498471997748992,-2.7256996788280935e-14,0.0,0.07453289612362334
EURUSD,1,HAR,3083,327,0.3057235651449739,0.41819815387044273,0.2003086785191669,3.648618566640574,,
EURUSD,1,HAR+DOW,3083,327,0.294961543504229,0.40921700164102853,0.19036237529225086,0.0,,
EURUSD,1,HAR-X-agg,3083,327,0.27332202368330244,0.40001536752900335,0.16896039110527056,-7.336386826513975,,
EURUSD,1,N-HAR,3083,327,0.2371375109528226,0.35437249629915146,0.15836929768819477,-19.603922553577682,99.0,0.006384873897101551
EURUSD,5,HAR,3083,323,0.1339484050147968,0.28917793037544415,0.0710222209468572,0.030377070071389293,,
EURUSD,5,HAR+DOW,3083,323,0.13390772777050094,0.28845352318147244,0.07086594397059463,0.0,,
EURUSD,5,HAR-X-agg,3083,323,0.12385251022591814,0.27979302347005774,0.06372301297973734,-7.509064422193791,,
EURUSD,5,N-HAR,3083,323,0.11815585137992189,0.27162704669148907,0.06303534321119666,-11.763231781197542,43.0,0.012195438315652184
EURUSD,22,HAR,3083,306,0.11397138044411302,0.27545843742304826,0.05759891216279033,0.11489879977018008,,
EURUSD,22,HAR+DOW,3083,306,0.1138405789852076,0.27475895442756665,0.05755700971632787,0.0,,
EURUSD,22,HAR-X-agg,3083,306,0.1075691221826157,0.2711839469360069,0.05339134633650763,-5.5089818222084075,,
EURUSD,22,N-HAR,3083,306,0.1138405789852076,0.2747589544275666,0.05755700971632785,0.0,0.0,0.06029100231835195
GBPUSD,1,HAR,3082,645,0.22308029547489777,0.3625196651753708,0.13207989832638528,2.087497598062495,,
GBPUSD,1,HAR+DOW,3082,645,0.21851872239361422,0.35810851112155223,0.13036354670650882,0.0,,
GBPUSD,1,HAR-X-agg,3082,645,0.21217831998766654,0.3586203758678462,0.12012080341232338,-2.9015373769789954,,
GBPUSD,1,N-HAR,3082,645,0.18690739568084436,0.32886830519827787,0.11100238286963464,-14.466186863306339,78.0,0.005836753758242188
GBPUSD,5,HAR,3082,641,0.11164210910462094,0.2636449613562378,0.05838457040454221,0.12465587776145436,,
GBPUSD,5,HAR+DOW,3082,641,0.11150311391923357,0.26284844101883176,0.058270121845229346,0.0,,
GBPUSD,5,HAR-X-agg,3082,641,0.13045555342326626,0.2953175120327831,0.06265589065828484,16.997228900495774,,
GBPUSD,5,N-HAR,3082,641,0.10383121988412486,0.2509846192039628,0.053976052263712195,-6.880430299610991,34.0,0.013362302395823379
GBPUSD,22,HAR,3082,624,0.08628258969412805,0.23823709549400965,0.04128518915293506,0.11347290713010802,,
GBPUSD,22,HAR+DOW,3082,624,0.08618479330366231,0.2378052659319652,0.04129358907271077,0.0,,
GBPUSD,22,HAR-X-agg,3082,624,0.1400691743830574,0.3217106637395691,0.06122255075185166,62.52191252526372,,
GBPUSD,22,N-HAR,3082,624,0.09477271126943108,0.2501061311947113,0.0448808671569974,9.964539725134827,7.0,0.04394384932884129
USDCHF,1,HAR,3081,645,0.25958285211536003,0.38269023243358163,0.16924188005320923,1.131206024946714,,
USDCHF,1,HAR+DOW,3081,645,0.256679280628105,0.3808250097722728,0.16501688477338253,0.0,,
USDCHF,1,HAR-X-agg,3081,645,0.24590616774961738,0.3789633408252143,0.1508003786994943,-4.197110437634617,,
USDCHF,1,N-HAR,3081,645,0.2232339757628248,0.3520221753088983,0.1421831180634478,-13.029997895988389,60.0,0.006858722346088033
USDCHF,5,HAR,3081,641,0.14005288916902225,0.2732936473206557,0.08705589641799649,-0.09681436081576582,,
USDCHF,5,HAR+DOW,3081,641,0.140188611877548,0.27389282148419525,0.08700602475783638,0.0,,
USDCHF,5,HAR-X-agg,3081,641,0.13750182784824985,0.2762232320700926,0.08310424639080913,-1.9165494210364233,,
USDCHF,5,N-HAR,3081,641,0.12716180240246672,0.2565978964181633,0.08096470559644268,-9.292345006212019,24.0,0.014811143025701096
USDCHF,22,HAR,3081,624,0.10965465666927343,0.23926309360659095,0.0659393220545865,-0.09706659481593884,,
USDCHF,22,HAR+DOW,3081,624,0.10976119812672422,0.23847749126189471,0.06595275342894318,0.0,,
USDCHF,22,HAR-X-agg,3081,624,0.113994303996652,0.23417171612884993,0.07268101424127285,3.856650567025037,,
USDCHF,22,N-HAR,3081,624,0.10666494552748344,0.23646456923143952,0.06408236679115206,-2.8208990536583007,4.0,0.04038836045103511
USDJPY,1,HAR,3082,645,0.4089074925411478,0.4689178735288531,0.32553962813727594,1.5800325853899932,,
USDJPY,1,HAR+DOW,3082,645,0.4025471169222286,0.46421452839877264,0.3164500429875664,0.0,,
USDJPY,1,HAR-X-agg,3082,645,0.3887217128129827,0.45772556815789106,0.29402874537861357,-3.4344809658435524,,
USDJPY,1,N-HAR,3082,645,0.3773377730209131,0.4482058860307946,0.28158948092922464,-6.262457943820255,93.0,0.006153594081731351
USDJPY,5,HAR,3082,641,0.2567215531409571,0.3691243964431435,0.16525415073095118,-0.023165962303874892,,
USDJPY,5,HAR+DOW,3082,641,0.2567810389396414,0.3689718913008161,0.1660076473771764,0.0,,
USDJPY,5,HAR-X-agg,3082,641,0.25651075409170815,0.3688705486801172,0.1580194273076617,-0.10525888089297979,,
USDJPY,5,N-HAR,3082,641,0.2363049607937453,0.3553848153297853,0.15030383485729876,-7.97413945766812,23.0,0.021115607134686968
USDJPY,22,HAR,3082,624,0.20686703901300726,0.3310459386612361,0.11410504144740706,0.13230757567145154,,
USDJPY,22,HAR+DOW,3082,624,0.20659369989718335,0.33061952556778035,0.11391228815211162,0.0,,
USDJPY,22,HAR-X-agg,3082,624,0.214764462547704,0.3355401803339525,0.1274819118695112,3.954991199918997,,
USDJPY,22,N-HAR,3082,624,0.2029578671016626,0.3297790658704904,0.11019289838158801,-1.759895290771308,2.0,0.05223633742514389
