date,lnRV
1/12/2012,-0.949597887
1/13/2012,-0.357623838
1/16/2012,-1.305147847
1/17/2012,-0.922273795
1/18/2012,-0.484657076
1/19/2012,-0.925978631
1/20/2012,-0.985117975
1/23/2012,-0.955914823
1/24/2012,-0.756710997
1/25/2012,-0.573417711
1/26/2012,-1.034421874
1/27/2012,-0.551656948
1/30/2012,-1.168168846
1/31/2012,-0.899605444
2/1/2012,-0.514809497
2/2/2012,-0.566228641
2/3/2012,-0.620177139
2/6/2012,-0.80308205
2/7/2012,-0.669574171
2/8/2012,-1.009064213
2/9/2012,-0.641860291
2/10/2012,-1.154753759
2/13/2012,-1.181895113
2/14/2012,-0.952188086
2/15/2012,-0.730916864
2/16/2012,-0.692632938
2/17/2012,-1.220765106
2/20/2012,-1.306612725
2/21/2012,-0.224751035
2/22/2012,-1.2335429
2/23/2012,-1.135496067
2/24/2012,-1.435200779
2/27/2012,-1.141687369
2/28/2012,-1.198681236
2/29/2012,-0.919034165
3/1/2012,-1.159371277
3/2/2012,-1.347210017
3/5/2012,-1.056224598
3/6/2012,-1.458868128
3/7/2012,-1.442771104
3/8/2012,-1.09545366
3/9/2012,-1.182382105
3/12/2012,-1.382498238
3/13/2012,-1.225258683
3/14/2012,-1.156952123
3/15/2012,-1.339158978
3/16/2012,-1.159633926
3/19/2012,-1.58926598
3/20/2012,-1.421490941
3/21/2012,-1.412332454
3/22/2012,-1.253245554
3/23/2012,-1.202235611
3/26/2012,-1.074403462
3/27/2012,-1.517353271
3/28/2012,-1.317379946
3/29/2012,-1.326848773
3/30/2012,-1.112380573
4/2/2012,-1.618354382
4/3/2012,-0.948934882
4/4/2012,-1.16187575
4/5/2012,-1.675458952
4/6/2012,-1.614170009
4/10/2012,-1.08672704
4/11/2012,-1.284450852
4/12/2012,-1.424755522
4/13/2012,-1.64069644
4/16/2012,-0.978493211
4/17/2012,-1.490095647
4/18/2012,-1.11111779
4/19/2012,-1.344028253
4/20/2012,-1.484336616
4/23/2012,-1.803299381
4/24/2012,-1.85266831
4/25/2012,-1.16984967
4/26/2012,-1.587807844
4/27/2012,-1.413341974
4/30/2012,-2.296491543
5/1/2012,-1.691304804
5/2/2012,-1.258683353
5/3/2012,-1.872430777
5/4/2012,-1.896844265
5/7/2012,-1.170270854
5/8/2012,-1.466191962
5/9/2012,-1.323254685
5/10/2012,-1.639306342
5/11/2012,-1.632954541
5/14/2012,-1.636771665
5/15/2012,-1.294916411
5/16/2012,-0.962876204
5/17/2012,-1.055526543
5/18/2012,-0.942926441
5/21/2012,-1.302378665
5/22/2012,-1.141521061
5/23/2012,-0.865949937
5/24/2012,-0.784228566
5/25/2012,-1.104232854
5/28/2012,-1.50988061
5/29/2012,-1.181240119
5/30/2012,-1.034699069
5/31/2012,-0.959329219
6/1/2012,-0.356884257
6/5/2012,-0.934100964
6/6/2012,-0.952679286
6/7/2012,-0.740943121
6/8/2012,-1.090894288
6/11/2012,-0.882066608
6/12/2012,-0.793144282
6/13/2012,-1.014649994
6/14/2012,-1.115677008
6/15/2012,-1.377052555
6/18/2012,-0.743557008
6/19/2012,-1.169313473
6/20/2012,-0.605917538
6/21/2012,-0.836634379
6/22/2012,-1.314604806
6/25/2012,-1.684296914
6/26/2012,-1.123347984
6/27/2012,-1.756001973
6/28/2012,-1.203899009
6/29/2012,0.020641707
7/2/2012,-1.48250399
7/3/2012,-1.736284414
7/4/2012,-1.821591924
7/5/2012,-0.878132287
7/6/2012,-1.516014448
7/9/2012,-1.441245517
7/10/2012,-1.634812554
7/11/2012,-1.385404214
7/12/2012,-1.509204397
7/13/2012,-1.155853758
7/16/2012,-1.411803401
7/17/2012,-0.978223878
7/18/2012,-1.191126969
7/19/2012,-1.153434389
7/20/2012,-1.11614928
7/23/2012,-1.171068388
7/24/2012,-1.353937434
7/25/2012,-0.87425218
7/26/2012,-0.452514784
7/27/2012,-0.17260484
7/30/2012,-1.420455509
7/31/2012,-1.094250826
8/1/2012,-0.925490483
8/2/2012,0.254481043
8/3/2012,-0.747633423
8/6/2012,-1.028863369
8/7/2012,-1.735635029
8/8/2012,-1.749195111
8/9/2012,-1.391535034
8/10/2012,-1.592582132
8/13/2012,-1.671304841
8/14/2012,-1.845896598
8/15/2012,-2.026353322
8/16/2012,-1.890610648
8/17/2012,-1.631166823
8/20/2012,-1.634302401
8/21/2012,-1.319296204
8/22/2012,-1.242420448
8/23/2012,-1.511296901
8/24/2012,-1.265731358
8/27/2012,-2.148830515
8/28/2012,-1.751000446
8/29/2012,-1.86398538
8/30/2012,-1.8880816
8/31/2012,-0.766825634
9/3/2012,-2.155498786
9/4/2012,-1.606873355
9/5/2012,-1.158541391
9/6/2012,-1.052487418
9/7/2012,-1.205152462
9/10/2012,-1.923573595
9/11/2012,-1.614016327
9/12/2012,-1.056698659
9/13/2012,-0.798705023
9/14/2012,-1.272422787
9/17/2012,-1.284843229
9/18/2012,-1.335148753
9/19/2012,-1.425854485
9/20/2012,-1.200066144
9/21/2012,-0.739942085
9/24/2012,-1.287834182
9/25/2012,-1.364383164
9/26/2012,-1.514521771
9/27/2012,-1.32028827
9/28/2012,-1.342852461
10/1/2012,-1.278911169
10/2/2012,-1.538965373
10/3/2012,-1.530022478
10/4/2012,-1.350711478
10/5/2012,-1.766771821
10/8/2012,-1.878312397
10/9/2012,-1.380636848
10/10/2012,-1.478021081
10/11/2012,-1.379279743
10/12/2012,-1.498960421
10/15/2012,-1.786229951
10/16/2012,-1.758629251
10/17/2012,-1.4607621
10/18/2012,-1.710249385
10/19/2012,-1.755737687
10/22/2012,-1.82929935
10/23/2012,-1.900485066
10/24/2012,-1.476272872
10/25/2012,-1.64602832
10/26/2012,-1.501414822
10/29/2012,-1.957379733
10/30/2012,-2.056518452
10/31/2012,-1.964161359
11/1/2012,-1.893086071
11/2/2012,-1.392457501
11/5/2012,-1.738367826
11/6/2012,-1.751370431
11/7/2012,-1.0962327
11/8/2012,-1.390507425
11/9/2012,-1.664498086
11/12/2012,-2.043549325
11/13/2012,-1.644842961
11/14/2012,-1.671082989
11/15/2012,-1.826492416
11/16/2012,-1.67596551
11/19/2012,-1.852243048
11/20/2012,-1.19735019
11/21/2012,-1.563527311
11/22/2012,-1.844235784
11/23/2012,-1.69520296
11/26/2012,-1.96594009
11/27/2012,-1.536201308
11/28/2012,-1.800264784
11/29/2012,-1.855096273
11/30/2012,-1.583043684
12/3/2012,-1.896537379
12/4/2012,-2.091522781
12/5/2012,-2.279061981
12/6/2012,-1.657615149
12/7/2012,-1.508911589
12/10/2012,-1.984127755
12/11/2012,-1.917709319
12/12/2012,-2.135493232
12/13/2012,-1.728492746
12/14/2012,-1.493866364
12/17/2012,-1.864439719
12/18/2012,-2.416828545
12/19/2012,-1.920236797
12/20/2012,-1.392931358
12/21/2012,-1.340085501
12/24/2012,-2.39258665
12/25/2012,-3.748327061
12/26/2012,-1.914386314
12/27/2012,-1.502156139
12/28/2012,-1.615399365
12/31/2012,-1.144123983
1/2/2013,-0.801787142
1/3/2013,-1.126238233
1/4/2013,-1.286610721
1/7/2013,-1.546335758
1/8/2013,-1.521479441
1/9/2013,-1.887047752
1/10/2013,-1.247156237
1/11/2013,-1.15267867
1/14/2013,-1.479525587
1/15/2013,-0.97321256
1/16/2013,-1.196649785
1/17/2013,-1.349045753
1/18/2013,-1.042220102
1/21/2013,-2.033914767
1/22/2013,-0.953309322
1/23/2013,-1.239510396
1/24/2013,-1.117486584
1/25/2013,-1.189276949
1/28/2013,-1.539173345
1/29/2013,-1.698420374
1/30/2013,-1.753643632
1/31/2013,-1.900626541
2/1/2013,-1.038889184
2/4/2013,-1.375932645
2/5/2013,-0.816811577
2/6/2013,-1.253332109
2/7/2013,-0.92040258
2/8/2013,-1.297118336
2/11/2013,-1.503546718
2/12/2013,-1.228700821
2/13/2013,-1.478476466
2/14/2013,-1.311978631
2/15/2013,-1.136584836
2/18/2013,-1.875502186
2/19/2013,-1.791462833
2/20/2013,-1.023819729
2/21/2013,-1.081408544
2/22/2013,-1.347259691
2/25/2013,-0.512802393
2/26/2013,-0.571470167
2/28/2013,-1.386912095
3/1/2013,-1.101852237
3/4/2013,-1.468197795
3/5/2013,-1.715740111
3/6/2013,-2.037017407
3/7/2013,-1.280292018
3/8/2013,-0.741438006
3/11/2013,-1.954223054
3/12/2013,-1.761160418
3/13/2013,-1.289420559
3/14/2013,-1.501588739
3/15/2013,-1.155746353
3/18/2013,-0.767614244
3/19/2013,-0.427406905
3/20/2013,-0.986298368
3/21/2013,-1.113404415
3/22/2013,-1.240641955
3/25/2013,-0.499710299
3/26/2013,-1.23734794
3/27/2013,-1.497785534
3/28/2013,-1.435043656
3/29/2013,-2.190709321
4/1/2013,-2.100497013
4/2/2013,-1.686043324
4/3/2013,-1.950683332
4/4/2013,-0.425407928
4/5/2013,-0.653221343
4/8/2013,-1.660815309
4/9/2013,-1.236997127
4/10/2013,-1.613374784
4/11/2013,-1.785132744
4/12/2013,-1.450238027
4/15/2013,-1.353280855
4/16/2013,-0.968853474
4/17/2013,-0.91940759
4/18/2013,-1.186149849
4/19/2013,-1.310104711
4/22/2013,-1.815267354
4/23/2013,-1.056873726
4/24/2013,-1.560918642
4/25/2013,-1.522196017
4/26/2013,-1.492359471
4/29/2013,-1.924302426
4/30/2013,-1.430105783
5/1/2013,-1.336102411
5/2/2013,-0.27903613
5/3/2013,-0.252141473
5/6/2013,-1.941450803
5/7/2013,-1.925667982
5/8/2013,-1.680907394
5/9/2013,-1.406123204
5/10/2013,-0.981471826
5/13/2013,-1.388733533
5/14/2013,-1.175611391
5/15/2013,-1.198102502
5/16/2013,-1.196843296
5/17/2013,-1.477945837
5/20/2013,-1.775284998
5/21/2013,-1.425236204
5/22/2013,-0.642189366
5/23/2013,-1.122966732
5/24/2013,-1.200015655
5/27/2013,-2.838680006
5/28/2013,-1.31504669
5/29/2013,-1.084564887
5/30/2013,-1.134538132
5/31/2013,-1.168098486
6/3/2013,-0.764961043
6/4/2013,-1.502081724
6/5/2013,-1.132527335
6/6/2013,-0.507097844
6/7/2013,-0.802612608
6/10/2013,-1.698913028
6/11/2013,-1.188084581
6/12/2013,-1.55582471
6/13/2013,-1.046902804
6/14/2013,-2.0371307
6/17/2013,-1.910588894
6/18/2013,-1.286034415
6/19/2013,-1.049753302
6/20/2013,-0.674462091
6/21/2013,-1.249844002
6/24/2013,-1.10224834
6/25/2013,-1.538493502
6/26/2013,-1.415877831
6/27/2013,-1.703800145
6/28/2013,-1.542577091
7/1/2013,-1.940601518
7/2/2013,-1.661908142
7/3/2013,-1.195149225
7/4/2013,-0.905546955
7/5/2013,-1.397154138
7/8/2013,-2.211926483
7/9/2013,-1.330240727
7/10/2013,-0.287482255
7/11/2013,0.248309019
7/12/2013,-1.081319105
7/15/2013,-1.24249404
7/16/2013,-1.260197102
7/17/2013,-1.018285375
7/18/2013,-1.797334162
7/19/2013,-1.757338565
7/22/2013,-1.971830109
7/23/2013,-2.08020064
7/24/2013,-1.173025589
7/25/2013,-1.374242897
7/26/2013,-1.900204672
7/29/2013,-2.203773044
7/30/2013,-2.089870747
7/31/2013,-0.937217657
8/1/2013,-1.312201512
8/2/2013,-0.894628891
8/5/2013,-1.986735129
8/6/2013,-2.086685729
8/7/2013,-1.890953315
8/8/2013,-2.092955841
8/9/2013,-2.533123829
8/12/2013,-2.373817552
8/13/2013,-1.81164476
8/14/2013,-2.483764618
8/15/2013,-0.793267584
8/16/2013,-2.012800418
8/19/2013,-2.369579887
8/20/2013,-1.7094945
8/21/2013,-1.445014012
8/22/2013,-1.424592571
8/23/2013,-1.817052552
8/26/2013,-2.536730884
8/27/2013,-1.700425678
8/28/2013,-1.895741122
8/29/2013,-1.631606606
8/30/2013,-2.155936015
9/2/2013,-2.632447634
9/3/2013,-1.894878868
9/4/2013,-2.286695169
9/5/2013,-1.448484261
9/6/2013,-1.25319436
9/9/2013,-1.954230227
9/10/2013,-2.215009101
9/11/2013,-1.983616276
9/12/2013,-2.00680795
9/13/2013,-1.8899348
9/16/2013,-2.053018185
9/17/2013,-2.608441242
9/18/2013,-0.632793893
9/19/2013,-1.63567572
9/20/2013,-1.891940317
9/23/2013,-1.691397391
9/24/2013,-2.262243968
9/25/2013,-2.402129699
9/26/2013,-2.18746016
9/27/2013,-2.260961147
9/30/2013,-2.130383839
10/1/2013,-1.806609532
10/2/2013,-1.644681687
10/3/2013,-1.675186611
10/4/2013,-2.17720166
10/7/2013,-2.433974149
10/8/2013,-2.450321824
10/9/2013,-1.808564531
10/10/2013,-2.183593536
10/11/2013,-2.131429007
10/14/2013,-2.548372247
10/15/2013,-1.77141764
10/16/2013,-0.889311691
10/17/2013,-1.55165777
10/18/2013,-2.464729207
10/21/2013,0.451813373
10/22/2013,-1.297984601
10/23/2013,-2.422334645
10/24/2013,-1.828039952
10/25/2013,-2.009014686
10/28/2013,-2.544315264
10/29/2013,-1.797945453
10/30/2013,-2.021263671
10/31/2013,-1.574809951
11/1/2013,-1.818464295
11/4/2013,-1.747416921
11/5/2013,-2.026534206
11/6/2013,-1.79309113
11/7/2013,0.328856917
11/8/2013,-1.096816595
11/11/2013,-2.462068251
11/12/2013,-1.482548695
11/13/2013,-1.459566665
11/14/2013,-1.654874477
11/15/2013,-2.133273021
11/18/2013,-2.257668831
11/19/2013,-1.727295297
11/20/2013,-0.667637941
11/21/2013,-1.206293897
11/22/2013,-2.152535539
11/25/2013,-2.173660876
11/26/2013,-1.802336536
11/27/2013,-1.999087534
11/28/2013,-2.332827157
11/29/2013,-2.245795752
12/2/2013,-1.793505419
12/3/2013,-2.316628924
12/4/2013,-1.999687633
12/5/2013,-1.119736004
12/6/2013,-1.565619485
12/9/2013,-2.695932713
12/10/2013,-2.248262636
12/11/2013,-1.932166295
12/12/2013,-1.837015653
12/13/2013,-2.177976009
12/16/2013,-2.196899123
12/17/2013,-2.147818399
12/18/2013,-0.579654213
12/19/2013,-1.801392317
12/20/2013,-1.923299823
12/23/2013,-2.704743831
12/24/2013,-2.76975477
12/25/2013,-3.471299947
12/26/2013,-3.003995082
12/27/2013,-1.01306001
12/30/2013,-1.959695424
12/31/2013,-1.712807907
1/2/2014,-1.373425955
1/3/2014,-1.878388496
1/6/2014,-1.927917165
1/7/2014,-1.94382873
1/8/2014,-1.772021712
1/9/2014,-1.491119362
1/10/2014,-0.639511961
1/13/2014,-2.281376596
1/14/2014,-2.350715595
1/15/2014,-1.914831516
1/16/2014,-1.805302051
1/17/2014,-2.161292956
1/20/2014,-2.490309738
1/21/2014,-2.220507168
1/22/2014,-2.228337604
1/23/2014,-1.535332293
1/24/2014,-1.404070902
1/27/2014,-2.044433441
1/28/2014,-2.218534352
1/29/2014,-1.464391622
1/30/2014,-1.745977157
1/31/2014,-1.629127739
2/3/2014,-1.850551958
2/4/2014,-2.022403166
2/5/2014,-1.996515012
2/6/2014,-1.068808595
2/7/2014,-1.64882384
2/10/2014,-2.81251999
2/11/2014,-1.95996065
2/12/2014,-1.893674315
2/13/2014,-1.71816697
2/14/2014,-2.442675334
2/17/2014,-2.478830418
2/18/2014,-2.363067824
2/19/2014,-2.806626267
2/20/2014,-2.265000346
2/21/2014,-2.449400089
2/24/2014,-2.523349065
2/25/2014,-2.444502569
2/26/2014,-2.36752912
2/27/2014,-2.125677688
2/28/2014,-1.059184584
3/3/2014,-1.885331089
3/4/2014,-2.049943297
3/5/2014,-1.958220325
3/6/2014,-1.721242235
3/7/2014,-2.066129629
3/10/2014,-2.717030135
3/11/2014,-2.658385272
3/12/2014,-2.493618563
3/13/2014,-1.331150803
3/14/2014,-1.989567607
3/17/2014,-2.353807106
3/18/2014,-1.878424235
3/19/2014,-1.666289344
3/20/2014,-2.012406415
3/21/2014,-2.190742881
3/24/2014,-1.41770569
3/25/2014,-1.781370466
3/26/2014,-1.989538327
3/27/2014,-1.930632547
3/28/2014,-1.953275657
3/31/2014,-1.857797019
4/1/2014,-2.625064899
4/2/2014,-2.609934817
4/3/2014,-1.409569534
4/4/2014,-1.746990408
4/7/2014,-3.096822418
4/8/2014,-2.498584836
4/9/2014,-1.99977984
4/10/2014,-2.702025592
4/11/2014,-2.955077635
4/14/2014,-2.479486714
4/15/2014,-2.505156958
4/16/2014,-2.439861509
4/17/2014,-2.86405585
4/18/2014,-4.249988032
4/21/2014,-3.668310255
4/22/2014,-2.911448252
4/23/2014,-2.230132555
4/24/2014,-2.449136034
4/25/2014,-3.250004545
4/28/2014,-2.6589561
4/29/2014,-2.348289907
4/30/2014,-2.097977953
5/1/2014,-3.579998532
5/2/2014,-2.005684548
5/5/2014,-3.519684973
5/6/2014,-2.633061241
5/7/2014,-2.839724588
5/8/2014,-0.98749483
5/9/2014,-2.421930264
5/12/2014,-3.173387281
5/13/2014,-2.083047237
5/14/2014,-2.61517898
5/15/2014,-1.999869631
5/16/2014,-2.585018258
5/19/2014,-3.070001272
5/20/2014,-3.001815765
5/21/2014,-2.330003358
5/22/2014,-2.626631993
5/23/2014,-3.133485951
5/26/2014,-3.437446858
5/27/2014,-2.986406014
5/28/2014,-2.654955182
5/29/2014,-2.859807414
5/30/2014,-2.764643929
6/2/2014,-2.704577757
6/3/2014,-2.513011749
6/4/2014,-2.708810382
6/5/2014,-0.766560146
6/6/2014,-1.859525028
6/9/2014,-2.87644953
6/10/2014,-2.58653563
6/11/2014,-2.756657937
6/12/2014,-2.350304904
6/13/2014,-2.713853307
6/16/2014,-2.400376101
6/17/2014,-2.76064408
6/18/2014,-2.391542317
6/19/2014,-2.580322099
6/20/2014,-2.891320843
6/23/2014,-2.86108859
6/24/2014,-2.8938975
6/25/2014,-2.751002311
6/26/2014,-2.265541103
6/27/2014,-3.25396728
6/30/2014,-2.761679361
7/1/2014,-3.221064836
7/2/2014,-3.2054083
7/3/2014,-2.413419306
7/4/2014,-4.032845134
7/7/2014,-3.421113011
7/8/2014,-3.618626728
7/9/2014,-2.957943112
7/10/2014,-2.952761944
7/11/2014,-3.298073616
7/14/2014,-3.186589142
7/15/2014,-2.407673177
7/16/2014,-3.100484081
7/17/2014,-3.210779275
7/18/2014,-2.52303994
7/21/2014,-3.353527151
7/22/2014,-2.561953592
7/23/2014,-3.230912127
7/24/2014,-2.798530981
7/25/2014,-3.022377035
7/28/2014,-3.948509088
7/29/2014,-3.604317817
7/30/2014,-2.200258403
7/31/2014,-2.907457041
8/1/2014,-2.215324891
8/4/2014,-3.732245778
8/5/2014,-3.158503636
8/6/2014,-2.540099617
8/7/2014,-2.38720743
8/8/2014,-2.422325249
8/11/2014,-3.416780072
8/12/2014,-3.12051881
8/13/2014,-2.130923466
8/14/2014,-2.445424017
8/15/2014,-2.298211964
8/18/2014,-3.251476687
8/19/2014,-2.439011873
8/20/2014,-2.529792234
8/21/2014,-2.735735683
8/22/2014,-2.265474399
8/25/2014,-2.78192275
8/26/2014,-2.469257259
8/27/2014,-2.370232036
8/28/2014,-2.214873401
8/29/2014,-2.438663923
9/1/2014,-3.485208922
9/2/2014,-3.025688457
9/3/2014,-2.151604017
9/4/2014,-0.170525113
9/5/2014,-1.852818334
9/8/2014,-2.183809514
9/9/2014,-1.63266343
9/10/2014,-1.581282154
9/11/2014,-1.933287699
9/12/2014,-2.025219531
9/15/2014,-2.241105786
9/16/2014,-1.927902357
9/17/2014,-0.892523272
9/18/2014,-1.474992412
9/19/2014,-1.714631151
9/22/2014,-2.118953811
9/23/2014,-2.184687753
9/24/2014,-2.047740759
9/25/2014,-1.534995484
9/26/2014,-2.260632038
9/29/2014,-2.019192412
9/30/2014,-1.399321869
10/1/2014,-1.495274026
10/2/2014,-0.950443545
10/3/2014,-1.196192279
10/6/2014,-1.551194397
10/7/2014,-1.23711693
10/8/2014,-0.629360647
10/9/2014,-0.912099372
10/10/2014,-1.554272967
10/13/2014,-1.275181856
10/14/2014,-1.498335858
10/15/2014,-0.147215977
10/16/2014,-0.300159358
10/17/2014,-1.113343447
10/20/2014,-1.625295705
10/21/2014,-1.222013764
10/22/2014,-1.316733281
10/23/2014,-1.383178183
10/24/2014,-2.008111669
10/27/2014,-2.044750879
10/28/2014,-1.646265966
10/29/2014,-1.176230959
10/30/2014,-1.539059316
10/31/2014,-0.747767845
11/3/2014,-1.29185837
11/4/2014,-1.843690866
11/5/2014,-1.487848085
11/6/2014,-0.509868427
11/7/2014,-0.961827952
11/10/2014,-1.659085362
11/11/2014,-1.668706497
11/12/2014,-1.182877372
11/13/2014,-1.811420079
11/14/2014,-0.874104106
11/17/2014,-1.384149074
11/18/2014,-1.820673002
11/19/2014,-1.550437153
11/20/2014,-1.023618112
11/21/2014,-1.179304368
11/24/2014,-1.622993275
11/25/2014,-1.68426778
11/26/2014,-1.392572315
11/27/2014,-2.000933996
11/28/2014,-1.693830255
12/1/2014,-1.42405223
12/2/2014,-2.031950549
12/3/2014,-1.652182548
12/4/2014,-0.305979207
12/5/2014,-0.748217109
12/8/2014,-1.694867871
12/9/2014,-1.101500667
12/10/2014,-1.479840228
12/11/2014,-0.762146232
12/12/2014,-1.253607138
12/15/2014,-1.303092075
12/16/2014,-0.808586185
12/17/2014,-0.476973309
12/18/2014,-1.027746823
12/19/2014,-1.578592001
12/22/2014,-2.012634574
12/23/2014,-2.062301101
12/24/2014,-2.411046191
12/26/2014,-2.653351942
12/29/2014,-1.734453008
12/30/2014,-1.74676872
12/31/2014,-2.162760431
1/2/2015,-1.481773125
1/5/2015,-0.847421661
1/6/2015,-1.097307056
1/7/2015,-0.98356649
1/8/2015,-1.358401482
1/9/2015,-1.134068882
1/12/2015,-1.385741097
1/13/2015,-1.234063403
1/14/2015,-0.716447099
1/15/2015,0.835682517
1/16/2015,-0.449169915
1/19/2015,-1.079780023
1/20/2015,-1.241789722
1/21/2015,-0.06483926
1/22/2015,0.39252551
1/23/2015,0.627564135
1/26/2015,-0.205392473
1/27/2015,-0.1249837
1/28/2015,-0.590001193
1/29/2015,-0.850636261
1/30/2015,-0.63673965
2/2/2015,-0.994128555
2/3/2015,-0.667337028
2/4/2015,-0.729399112
2/5/2015,-0.412416503
2/6/2015,-0.12806722
2/9/2015,-1.171110652
2/10/2015,-0.819411513
2/11/2015,-1.158347349
2/12/2015,-0.710575891
2/13/2015,-1.319980151
2/16/2015,-1.357895061
2/17/2015,-1.087499335
2/18/2015,-0.748206345
2/19/2015,-1.196997846
2/20/2015,-0.437939336
2/23/2015,-1.228144654
2/24/2015,-1.262869568
2/25/2015,-1.661442288
2/26/2015,-1.266459878
2/27/2015,-1.035994977
3/2/2015,-1.865093575
3/3/2015,-1.698826883
3/4/2015,-1.187417368
3/5/2015,-0.812123202
3/6/2015,0.058265168
3/9/2015,-1.345108406
3/10/2015,-0.317926969
3/11/2015,-0.150370002
3/12/2015,0.30123636
3/13/2015,-0.255240083
3/16/2015,-0.59451017
3/17/2015,-0.912274324
3/18/2015,1.549464556
3/19/2015,0.473864313
3/20/2015,-0.083489359
3/23/2015,0.090964908
3/24/2015,0.119073061
3/25/2015,-0.696915613
3/26/2015,-0.481457884
3/27/2015,-0.32851722
3/30/2015,-0.644512956
3/31/2015,-0.719570717
4/1/2015,-0.574250592
4/2/2015,-0.536420235
4/3/2015,0.460364162
4/6/2015,-0.863955357
4/7/2015,-0.651448137
4/8/2015,-0.471349264
4/9/2015,-0.84982387
4/10/2015,-0.703412898
4/13/2015,-0.684423559
4/14/2015,-0.087911722
4/15/2015,-0.193696327
4/16/2015,0.11211966
4/17/2015,-0.24574992
4/20/2015,-0.788994447
4/21/2015,-0.684031128
4/22/2015,-0.68295026
4/23/2015,-0.330888731
4/24/2015,-0.309696425
4/27/2015,-0.804068166
4/28/2015,-0.727422944
4/29/2015,0.115810123
4/30/2015,0.419776578
5/1/2015,-0.313690618
5/4/2015,-0.994286511
5/5/2015,-0.127045258
5/6/2015,-0.096398318
5/7/2015,-0.358952823
5/8/2015,0.202309655
5/11/2015,-0.672991933
5/12/2015,-0.759512473
5/13/2015,-0.296461193
5/14/2015,-0.559861236
5/15/2015,-0.478862556
5/18/2015,-0.761383752
5/19/2015,0.11061843
5/20/2015,-0.190932548
5/21/2015,-0.506909588
5/22/2015,-0.143786173
5/25/2015,-1.453243009
5/26/2015,-0.608123835
5/27/2015,-0.335850708
5/28/2015,-0.454211982
5/29/2015,-0.694463354
6/1/2015,-0.521096351
6/2/2015,-0.110207682
6/3/2015,0.193347655
6/4/2015,-0.188178451
6/5/2015,0.849669899
6/8/2015,-0.221181237
6/9/2015,-0.337147393
6/10/2015,-0.083185296
6/11/2015,-0.563979321
6/12/2015,-0.264374438
6/15/2015,-0.61513171
6/16/2015,-0.94262578
6/17/2015,-0.854030998
6/18/2015,-0.272058466
6/19/2015,-0.945951513
6/22/2015,-0.707621405
6/23/2015,-0.75666236
6/24/2015,-0.910486725
6/25/2015,-1.012698082
6/26/2015,-0.936433325
6/29/2015,0.587358738
6/30/2015,-0.335678185
7/1/2015,-0.615980661
7/2/2015,-0.375523983
7/3/2015,-1.381051594
7/6/2015,-0.332868879
7/7/2015,-0.514605254
7/8/2015,-0.497497531
7/9/2015,-0.690716355
7/10/2015,-0.2853897
7/13/2015,-0.070162379
7/14/2015,-0.955125512
7/15/2015,-0.908594982
7/16/2015,-0.659173136
7/17/2015,-1.427957441
7/20/2015,-1.500366132
7/21/2015,-1.01537183
7/22/2015,-1.0451548
7/23/2015,-0.692162964
7/24/2015,-0.900110734
7/27/2015,-0.790413752
7/28/2015,-1.482346116
7/29/2015,-0.922797665
7/30/2015,-1.154726386
7/31/2015,0.047921007
8/3/2015,-1.423942715
8/4/2015,-1.30434774
8/5/2015,-1.004689278
8/6/2015,-1.513442298
8/7/2015,-0.197099408
8/10/2015,-1.119999794
8/11/2015,-0.661948925
8/12/2015,-0.738577255
8/13/2015,-0.803823019
8/14/2015,-1.24247266
8/17/2015,-1.230263678
8/18/2015,-1.614677553
8/19/2015,-0.857633664
8/20/2015,-0.915392613
8/21/2015,-0.883127636
8/24/2015,0.887847987
8/25/2015,0.270102867
8/26/2015,0.092261743
8/27/2015,-0.417987857
8/28/2015,-0.556785857
8/31/2015,-0.815468278
9/1/2015,-0.371439066
9/2/2015,-0.839785859
9/3/2015,-0.449578828
9/4/2015,-0.553847761
9/7/2015,-1.503065075
9/8/2015,-1.201585206
9/9/2015,-1.286201247
9/10/2015,-0.789148718
9/11/2015,-0.98589892
9/14/2015,-1.462598663
9/15/2015,-1.514574722
9/16/2015,-1.163669718
9/17/2015,-0.312726722
9/18/2015,-0.798319836
9/21/2015,-1.183186463
9/22/2015,-1.228710051
9/23/2015,-0.549622566
9/24/2015,-0.886701244
9/25/2015,-0.681476232
9/28/2015,-1.113984695
9/29/2015,-0.884400735
9/30/2015,-1.200341594
10/1/2015,-1.525977873
10/2/2015,0.416073031
10/5/2015,-1.107780011
10/6/2015,-1.407820113
10/7/2015,-1.286748584
10/8/2015,-1.030117638
10/9/2015,-1.138860521
10/12/2015,-2.005686591
10/13/2015,-1.491275273
10/14/2015,-1.267333506
10/15/2015,-0.744455406
10/16/2015,-1.113090671
10/19/2015,-1.652496656
10/20/2015,-1.876970506
10/21/2015,-1.783836512
10/22/2015,-0.324043362
10/23/2015,-0.486009356
10/26/2015,-1.567391206
10/27/2015,-1.410964427
10/28/2015,0.091445878
10/29/2015,-0.952424133
10/30/2015,-0.922372841
11/2/2015,-1.417465415
11/3/2015,-1.419268371
11/4/2015,-1.145460438
11/5/2015,-1.285485468
11/6/2015,-0.063122551
11/9/2015,-1.232993199
11/10/2015,-1.183442571
11/11/2015,-1.335257347
11/12/2015,-0.350152255
11/13/2015,-0.852228493
11/16/2015,-1.131941245
11/17/2015,-1.377392841
11/18/2015,-1.493115517
11/19/2015,-0.997965113
11/20/2015,-1.330635989
11/23/2015,-1.345593715
11/24/2015,-1.397365924
11/25/2015,-1.086553101
11/26/2015,-2.440388813
11/27/2015,-1.874074439
11/30/2015,-1.837785008
12/1/2015,-1.615791874
12/2/2015,-1.161080683
12/3/2015,1.320757499
12/4/2015,0.006838609
12/7/2015,-1.450122437
12/8/2015,-1.4429631
12/9/2015,-1.126996531
12/10/2015,-1.227036758
12/11/2015,-0.79631325
12/14/2015,-1.231460408
12/15/2015,-1.232372927
12/16/2015,-0.154715779
12/17/2015,-0.844795784
12/18/2015,-0.96328147
12/21/2015,-1.492078914
12/22/2015,-1.721187943
12/23/2015,-1.473905778
12/24/2015,-1.675113062
12/28/2015,-1.747664962
12/29/2015,-1.4946141
12/30/2015,-1.749427762
12/31/2015,-1.337725988
1/4/2016,-0.735621394
1/5/2016,-1.300142224
1/6/2016,-0.905018156
1/7/2016,-0.553277854
1/8/2016,-0.196895502
1/11/2016,-0.592578616
1/12/2016,-1.134801309
1/13/2016,-0.9828104
1/14/2016,-0.698462724
1/15/2016,-0.502567555
1/18/2016,-1.656397301
1/19/2016,-1.188134281
1/20/2016,-0.926534586
1/21/2016,0.028719901
1/22/2016,-1.087676272
1/25/2016,-1.837177013
1/26/2016,-1.560249329
1/27/2016,-1.06087643
1/28/2016,-1.365246311
1/29/2016,-0.683960408
2/1/2016,-1.612097601
2/2/2016,-1.678106725
2/3/2016,-0.364315638
2/4/2016,-0.400030841
2/5/2016,-0.603879267
2/8/2016,-0.708567915
2/9/2016,-0.399925437
2/10/2016,-0.615264123
2/11/2016,-0.249074375
2/12/2016,-0.797556807
2/15/2016,-1.40052771
2/16/2016,-1.433616049
2/17/2016,-1.24251166
2/18/2016,-1.159280509
2/19/2016,-1.183970978
2/22/2016,-1.416802554
2/23/2016,-1.305346987
2/24/2016,-1.083313803
2/25/2016,-1.286549972
2/26/2016,-1.043152395
2/29/2016,-1.41541352
3/1/2016,-1.077456387
3/2/2016,-1.600326603
3/3/2016,-1.25432715
3/4/2016,-0.175240929
3/7/2016,-1.647505625
3/8/2016,-1.365530937
3/9/2016,-1.445278318
3/10/2016,1.199296971
3/11/2016,-0.698335756
3/14/2016,-1.385433852
3/15/2016,-1.558384539
3/16/2016,-0.411096675
3/17/2016,-0.838283025
3/18/2016,-1.539423447
3/21/2016,-1.697361074
3/22/2016,-1.072855269
3/23/2016,-1.764651375
3/24/2016,-1.524029931
3/25/2016,-2.998385993
3/28/2016,-2.310940223
3/29/2016,-0.665861153
3/30/2016,-1.335706267
3/31/2016,-1.417549616
4/1/2016,-0.809752555
4/4/2016,-1.801063666
4/5/2016,-1.379719612
4/6/2016,-1.130450546
4/7/2016,-0.851623196
4/8/2016,-1.504051422
4/11/2016,-1.598004079
4/12/2016,-1.185692399
4/13/2016,-1.269522795
4/14/2016,-1.479592619
4/15/2016,-1.59106428
4/18/2016,-1.648039391
4/19/2016,-1.838875914
4/20/2016,-1.623488177
4/21/2016,-0.560704214
4/22/2016,-1.584517271
4/25/2016,-1.744883874
4/26/2016,-1.587233655
4/27/2016,-1.367495427
4/28/2016,-1.144928105
4/29/2016,-1.145544813
5/2/2016,-1.338932302
5/3/2016,-1.213362642
5/4/2016,-0.86234205
5/5/2016,-1.565767901
5/6/2016,-1.244869226
5/9/2016,-1.605503087
5/10/2016,-1.574876631
5/11/2016,-2.161923566
5/12/2016,-2.072941268
5/13/2016,-1.378884594
5/16/2016,-2.076030144
5/17/2016,-2.195399548
5/18/2016,-1.168067479
5/19/2016,-1.630270666
5/20/2016,-2.221684608
5/23/2016,-2.064848572
5/24/2016,-1.844598418
5/25/2016,-2.217527987
5/26/2016,-1.909761426
5/27/2016,-1.945441849
5/30/2016,-2.816762378
5/31/2016,-1.664326911
6/1/2016,-1.410539622
6/2/2016,-1.083644554
6/3/2016,0.121305291
6/6/2016,-1.625031795
6/7/2016,-1.958690388
6/8/2016,-2.1502179
6/9/2016,-1.44508226
6/10/2016,-1.623366593
6/13/2016,-1.713326255
6/14/2016,-1.639604532
6/15/2016,-1.225078053
6/16/2016,-0.44075857
6/17/2016,-1.026933645
6/20/2016,-1.360238952
6/21/2016,-1.215628824
6/22/2016,-1.300136959
6/23/2016,-0.385591872
6/24/2016,1.925319218
6/27/2016,-0.171810996
6/28/2016,-0.821354901
6/29/2016,-0.739448246
6/30/2016,-0.080353984
7/1/2016,-0.97399136
7/4/2016,-1.896447782
7/5/2016,-1.037898781
7/6/2016,-0.955813293
7/7/2016,-1.242442873
7/8/2016,-0.268136186
7/11/2016,-1.9187196
7/12/2016,-1.380096805
7/13/2016,-1.761089795
7/14/2016,-1.078420293
7/15/2016,-1.306146085
7/18/2016,-1.995529263
7/19/2016,-1.894152634
7/20/2016,-1.494308601
7/21/2016,-1.265352162
7/22/2016,-1.562980138
7/25/2016,-2.313495205
7/26/2016,-2.186554353
7/27/2016,-1.285408872
7/28/2016,-1.737768456
7/29/2016,-1.509923011
8/1/2016,-2.30635341
8/2/2016,-2.271523366
8/3/2016,-2.253895426
8/4/2016,-2.232660341
8/5/2016,-0.983323473
8/8/2016,-2.55758408
8/9/2016,-2.421091805
8/10/2016,-2.023012837
8/11/2016,-2.168912049
8/12/2016,-1.448340601
8/15/2016,-2.579381506
8/16/2016,-1.227178529
8/17/2016,-1.522969011
8/18/2016,-1.482630514
8/19/2016,-1.869850316
8/22/2016,-2.102681234
8/23/2016,-2.239052956
8/24/2016,-1.978467182
8/25/2016,-2.593176762
8/26/2016,-0.873933357
8/29/2016,-2.262547732
8/30/2016,-2.188309633
8/31/2016,-1.996376324
9/1/2016,-1.556306666
9/2/2016,-0.58751626
9/5/2016,-2.528710863
9/6/2016,-1.114602548
9/7/2016,-1.981699148
9/8/2016,-1.277962277
9/9/2016,-1.541726795
9/12/2016,-1.574579018
9/13/2016,-1.639042784
9/14/2016,-1.789618693
9/15/2016,-1.834506661
9/16/2016,-1.774786087
9/19/2016,-2.487714998
9/20/2016,-2.177466561
9/21/2016,-1.165804135
9/22/2016,-1.928676724
9/23/2016,-2.041272205
9/26/2016,-2.207520484
9/27/2016,-2.171434977
9/28/2016,-2.149733856
9/29/2016,-1.931248494
9/30/2016,-1.284007247
10/3/2016,-2.489803567
10/4/2016,-1.01127927
10/5/2016,-1.884583362
10/6/2016,-1.921852444
10/7/2016,-1.063749285
10/10/2016,-2.452308886
10/11/2016,-1.765495564
10/12/2016,-1.362513405
10/13/2016,-1.371482275
10/14/2016,-1.620152624
10/17/2016,-2.308328623
10/18/2016,-1.906953771
10/19/2016,-1.947940562
10/20/2016,-0.697935152
10/21/2016,-2.059715722
10/24/2016,-2.360758513
10/25/2016,-2.063152851
10/26/2016,-1.915771849
10/27/2016,-1.759067554
10/28/2016,-1.485491293
10/31/2016,-2.004115221
11/1/2016,-2.207501351
11/2/2016,-1.593196306
11/3/2016,-1.588337538
11/4/2016,-1.938976762
11/7/2016,-1.91610611
11/8/2016,-2.206374312
11/9/2016,1.069290896
11/10/2016,-0.860634549
11/11/2016,-1.038195091
11/14/2016,-0.72519076
11/15/2016,-1.087742842
11/16/2016,-0.994647588
11/17/2016,-0.893128196
11/18/2016,-0.778775254
11/21/2016,-1.093291831
11/22/2016,-1.317817908
11/23/2016,-1.130851857
11/24/2016,-1.262375314
11/25/2016,-1.159572874
11/28/2016,-0.997452418
11/29/2016,-1.09927253
11/30/2016,-0.580588953
12/1/2016,-0.984510893
12/2/2016,-1.29900321
12/5/2016,0.104133047
12/6/2016,-1.208034815
12/7/2016,-1.750251728
12/8/2016,0.026696519
12/9/2016,-1.292377144
12/12/2016,-1.225919969
12/13/2016,-1.279169487
12/14/2016,-0.386508762
12/15/2016,-0.154166069
12/16/2016,-0.740956384
12/19/2016,-1.163151701
12/20/2016,-1.435958932
12/21/2016,-1.461111304
12/22/2016,-1.295950696
12/23/2016,-2.085389063
12/26/2016,-2.06952237
12/27/2016,-2.366508305
12/28/2016,-1.781962505
12/29/2016,-1.361525786
12/30/2016,0.198199277
1/2/2017,-2.216296526
1/3/2017,-0.641268226
1/4/2017,-0.959617838
1/5/2017,-0.352751009
1/6/2017,-0.887922825
1/9/2017,-1.136507139
1/10/2017,-1.126654869
1/11/2017,-0.110251063
1/12/2017,-0.738268644
1/13/2017,-0.833685353
1/16/2017,-1.424052645
1/17/2017,-0.875397201
1/18/2017,-1.338196489
1/19/2017,-0.710762831
1/20/2017,-1.165764726
1/23/2017,-1.201387325
1/24/2017,-1.697659574
1/25/2017,-1.424615075
1/26/2017,-1.374244241
1/27/2017,-1.426370797
1/30/2017,-1.334433205
1/31/2017,-0.945548477
2/1/2017,-1.01419061
2/2/2017,-1.490233661
2/3/2017,-1.04532867
2/6/2017,-1.766444237
2/7/2017,-1.613035275
2/8/2017,-1.559210319
2/9/2017,-1.572459222
2/10/2017,-1.792235309
2/13/2017,-2.09696644
2/14/2017,-1.43327636
2/15/2017,-1.32471865
2/16/2017,-1.486279458
2/17/2017,-1.960231303
2/20/2017,-2.244089567
2/21/2017,-1.672204317
2/22/2017,-0.788580021
2/23/2017,-1.578216081
2/24/2017,-1.453507956
2/27/2017,-1.820417092
2/28/2017,-1.465898024
3/1/2017,-1.247863317
3/2/2017,-2.000218367
3/3/2017,-1.376377562
3/6/2017,-1.698558833
3/7/2017,-2.353362944
3/8/2017,-2.101285644
3/9/2017,-1.136522355
3/10/2017,-1.178029423
3/13/2017,-2.035857505
3/14/2017,-2.257985408
3/15/2017,-0.84897246
3/16/2017,-1.56716539
3/17/2017,-1.70225378
3/20/2017,-2.215875267
3/21/2017,-1.586839098
3/22/2017,-1.872142807
3/23/2017,-2.072122106
3/24/2017,-2.039314564
3/27/2017,-2.022410485
3/28/2017,-1.923512464
3/29/2017,-1.409498964
3/30/2017,-1.696408666
3/31/2017,-1.879795833
4/3/2017,-2.176734595
4/4/2017,-2.347014751
4/5/2017,-1.792487299
4/6/2017,-1.574176454
4/7/2017,-1.593772365
4/10/2017,-2.44923849
4/11/2017,-2.316884467
4/12/2017,-1.6167859
4/13/2017,-2.098369206
4/14/2017,-2.809022315
4/17/2017,-2.196021049
4/18/2017,-1.697426791
4/19/2017,-2.291727948
4/20/2017,-1.730483587
4/21/2017,-1.741343195
4/24/2017,-0.805961295
4/25/2017,-1.740721994
4/26/2017,-1.412915482
4/27/2017,-1.006940605
4/28/2017,-1.380505784
5/1/2017,-2.549566438
5/2/2017,-2.201437447
5/3/2017,-2.281982835
5/4/2017,-1.60982066
5/5/2017,-1.881299214
5/8/2017,-1.446903567
5/9/2017,-1.729271389
5/10/2017,-1.927896872
5/11/2017,-2.150794374
5/12/2017,-1.921130129
5/15/2017,-2.280548739
5/16/2017,-1.743954508
5/17/2017,-1.647276571
5/18/2017,-1.298975515
5/19/2017,-1.930199665
5/22/2017,-1.28742829
5/23/2017,-1.197278561
5/24/2017,-1.272203083
5/25/2017,-1.927892867
5/26/2017,-1.78346566
5/29/2017,-2.62224995
5/30/2017,-1.126101392
5/31/2017,-1.594257281
6/1/2017,-2.01755356
6/2/2017,-1.210064272
6/5/2017,-2.271867852
6/6/2017,-2.161478513
6/7/2017,-1.05744462
6/8/2017,-1.53877639
6/9/2017,-1.507200664
6/12/2017,-2.360693009
6/13/2017,-2.347710557
6/14/2017,-0.763504881
6/15/2017,-1.729439761
6/16/2017,-2.291142262
6/19/2017,-2.453194712
6/20/2017,-2.263432866
6/21/2017,-2.577881128
6/22/2017,-2.578392492
6/23/2017,-2.513596287
6/26/2017,-1.816091462
6/27/2017,-1.191944351
6/28/2017,-0.155036474
6/29/2017,-1.518353876
6/30/2017,-1.796131038
7/3/2017,-2.21548685
7/4/2017,-2.376092402
7/5/2017,-2.0400827
7/6/2017,-1.995615991
7/7/2017,-1.55323739
7/10/2017,-2.622851796
7/11/2017,-2.039630676
7/12/2017,-1.428756141
7/13/2017,-1.648463708
7/14/2017,-1.608345467
7/17/2017,-2.456495196
7/18/2017,-1.436735395
7/19/2017,-2.301276135
7/20/2017,-1.141227718
7/21/2017,-1.771092146
7/24/2017,-2.211739395
7/25/2017,-1.539590716
7/26/2017,-0.941458412
7/27/2017,-1.25955897
7/28/2017,-1.524225032
7/31/2017,-1.432447564
8/1/2017,-1.596624109
8/2/2017,-1.36634785
8/3/2017,-1.558575185
8/4/2017,-0.88260643
8/7/2017,-2.028126454
8/8/2017,-1.711888871
8/9/2017,-1.138034716
8/10/2017,-1.379404885
8/11/2017,-1.123235303
8/14/2017,-1.872449622
8/15/2017,-1.300918711
8/16/2017,-0.982250759
8/17/2017,-1.12958926
8/18/2017,-1.340802162
8/21/2017,-2.104680889
8/22/2017,-1.928809021
8/23/2017,-1.936693266
8/24/2017,-2.505268009
8/25/2017,-0.772464304
8/28/2017,-2.275443347
8/29/2017,-0.987221715
8/30/2017,-1.424977059
8/31/2017,-1.253778393
9/1/2017,-0.492040696
9/4/2017,-1.884935244
9/5/2017,-1.348207585
9/6/2017,-1.844514913
9/7/2017,-0.804497447
9/8/2017,-0.991579242
9/11/2017,-1.935942482
9/12/2017,-1.945949598
9/13/2017,-1.696661407
9/14/2017,-1.021353398
9/15/2017,-1.411331812
9/18/2017,-1.784219379
9/19/2017,-1.569978223
9/20/2017,-0.43268609
9/21/2017,-1.59533937
9/22/2017,-1.744549687
9/25/2017,-1.783194781
9/26/2017,-1.256299931
9/27/2017,-1.675273917
9/28/2017,-1.768485982
9/29/2017,-1.734682377
10/2/2017,-1.909860066
10/3/2017,-2.077052985
10/4/2017,-1.865988265
10/5/2017,-2.317655741
10/6/2017,-1.496600308
10/9/2017,-2.545169289
10/10/2017,-1.979371194
10/11/2017,-1.872469461
10/12/2017,-2.304092814
10/13/2017,-1.074984586
10/16/2017,-2.163176156
10/17/2017,-2.355230853
10/18/2017,-2.207738458
10/19/2017,-1.601958162
10/20/2017,-1.845550038
10/23/2017,-2.141558341
10/24/2017,-2.191244094
10/25/2017,-1.945141061
10/26/2017,-0.824961766
10/27/2017,-1.356135909
10/30/2017,-2.024954738
10/31/2017,-1.96493304
11/1/2017,-1.89391781
11/2/2017,-1.576297938
11/3/2017,-1.69681429
11/6/2017,-2.12322378
11/7/2017,-2.005904395
11/8/2017,-2.245072224
11/9/2017,-1.991758445
11/10/2017,-2.236405819
11/13/2017,-2.618398544
11/14/2017,-1.883557921
11/15/2017,-1.552950838
11/16/2017,-1.807130936
11/17/2017,-1.846059838
11/20/2017,-1.314045178
11/21/2017,-1.879170903
11/22/2017,-1.837561257
11/23/2017,-2.213728151
11/24/2017,-2.016981572
11/27/2017,-1.956322308
11/28/2017,-1.59720078
11/29/2017,-1.748780363
11/30/2017,-1.413188055
12/1/2017,-1.160733178
12/4/2017,-1.970645929
12/5/2017,-1.935450199
12/6/2017,-2.003600964
12/7/2017,-2.127740833
12/8/2017,-1.956718587
12/11/2017,-2.347789486
12/12/2017,-2.15441877
12/13/2017,-1.579589434
12/14/2017,-1.244595876
12/15/2017,-2.079302365
12/18/2017,-2.047583098
12/19/2017,-1.995591151
12/20/2017,-2.131223434
12/21/2017,-2.18888259
12/22/2017,-1.916609658
12/26/2017,-2.936071945
12/27/2017,-2.475907516
12/28/2017,-2.673705514
12/29/2017,-2.440606155
1/2/2018,-2.126156083
1/3/2018,-2.063456264
1/4/2018,-1.897682039
1/5/2018,-1.853726183
1/8/2018,-2.107879566
1/9/2018,-2.039761451
1/10/2018,-1.290967949
1/11/2018,-0.921291627
1/12/2018,-0.822982271
1/15/2018,-1.222337525
1/16/2018,-0.981691752
1/17/2018,-0.836349883
1/18/2018,-1.093139229
1/19/2018,-1.333030545
1/22/2018,-1.972017367
1/23/2018,-1.620553924
1/24/2018,-1.096816154
1/25/2018,0.081153632
1/26/2018,-0.847014287
1/29/2018,-1.358443443
1/30/2018,-1.052306159
1/31/2018,-1.254774061
2/1/2018,-1.237880479
2/2/2018,-0.992781558
2/5/2018,-1.171797418
2/6/2018,-0.917431546
2/7/2018,-1.369063669
2/8/2018,-0.906626441
2/9/2018,-1.250611739
2/12/2018,-1.589407491
2/13/2018,-1.515293309
2/14/2018,-0.391113688
2/15/2018,-1.241448142
2/16/2018,-1.335887938
2/19/2018,-1.707102546
2/20/2018,-1.518089928
2/21/2018,-1.320202963
2/22/2018,-1.397632778
2/23/2018,-1.739689414
2/26/2018,-1.767678914
2/27/2018,-1.22669583
2/28/2018,-1.655461878
3/1/2018,-1.200610963
3/2/2018,-1.454570758
3/5/2018,-1.155136816
3/6/2018,-1.488964296
3/7/2018,-1.567664174
3/8/2018,-0.959112326
3/9/2018,-1.685644055
3/12/2018,-2.189730205
3/13/2018,-1.568348181
3/14/2018,-1.688286918
3/15/2018,-1.976024177
3/16/2018,-1.874589737
3/19/2018,-1.867465257
3/20/2018,-1.862459121
3/21/2018,-1.663214712
3/22/2018,-1.413996645
3/23/2018,-1.719464611
3/26/2018,-1.948258361
3/27/2018,-1.877610263
3/28/2018,-1.69374957
3/29/2018,-1.93013222
3/30/2018,-2.784575648
4/2/2018,-2.359124923
4/3/2018,-1.891908144
4/4/2018,-1.838598868
4/5/2018,-1.997556944
4/6/2018,-1.577192379
4/9/2018,-1.957069102
4/10/2018,-1.318284815
4/11/2018,-2.138803381
4/12/2018,-2.018578668
4/13/2018,-2.313495102
4/16/2018,-2.294266569
4/17/2018,-2.194791564
4/18/2018,-2.030874904
4/19/2018,-1.913364235
4/20/2018,-1.828822946
4/23/2018,-1.830593594
4/24/2018,-1.784848521
4/25/2018,-1.901667402
4/26/2018,-1.191530038
4/27/2018,-1.64043272
4/30/2018,-1.736335529
5/1/2018,-1.741361186
5/2/2018,-0.698803964
5/3/2018,-1.253302221
5/4/2018,-1.175041827
5/7/2018,-1.958920179
5/8/2018,-1.375062066
5/9/2018,-1.654360528
5/10/2018,-1.120195782
5/11/2018,-1.826747956
5/14/2018,-1.950933977
5/15/2018,-1.437697742
5/16/2018,-1.231486525
5/17/2018,-1.290416964
5/18/2018,-1.789613093
5/21/2018,-1.701466028
5/22/2018,-1.63730572
5/23/2018,-0.829031997
5/24/2018,-1.597055166
5/25/2018,-1.417109657
5/28/2018,-1.624599378
5/29/2018,-0.870706051
5/30/2018,-0.904009733
5/31/2018,-0.712473833
6/1/2018,-1.122318583
6/4/2018,-1.724939504
6/5/2018,-1.388541012
6/6/2018,-1.188642269
6/7/2018,-1.583058577
6/8/2018,-1.652728796
6/11/2018,-1.726230751
6/12/2018,-1.451112784
6/13/2018,-1.195168467
6/14/2018,-0.649308638
6/15/2018,-0.863932401
6/18/2018,-1.862790395
6/19/2018,-1.134677081
6/20/2018,-1.49533591
6/21/2018,-1.006241141
6/22/2018,-1.235927529
6/25/2018,-1.414160479
6/26/2018,-1.674275654
6/27/2018,-1.371503724
6/28/2018,-1.078213751
6/29/2018,-0.713590124
7/2/2018,-1.433227707
7/3/2018,-1.789881428
7/4/2018,-1.998950642
7/5/2018,-1.870865453
7/6/2018,-1.658309217
7/9/2018,-1.78993889
7/10/2018,-1.862060039
7/11/2018,-1.344029325
7/12/2018,-1.781371663
7/13/2018,-1.746664277
7/16/2018,-2.153454686
7/17/2018,-1.776922669
7/18/2018,-1.919484524
7/19/2018,-1.016446426
7/20/2018,-1.454330056
7/23/2018,-1.860837052
7/24/2018,-1.74796086
7/25/2018,-1.59196663
7/26/2018,-1.620117939
7/27/2018,-2.271780943
7/30/2018,-2.458022112
7/31/2018,-1.831952828
8/1/2018,-2.155816194
8/2/2018,-1.99618502
8/3/2018,-1.768224475
8/6/2018,-2.248783761
8/7/2018,-2.498558281
8/8/2018,-2.100496173
8/9/2018,-2.182604698
8/10/2018,-0.608069532
8/13/2018,-1.180799476
8/14/2018,-1.486515306
8/15/2018,-1.345940264
8/16/2018,-1.32338892
8/17/2018,-1.626004568
8/20/2018,-2.005548642
8/21/2018,-1.219843744
8/22/2018,-1.519240543
8/23/2018,-1.41199963
8/24/2018,-1.291061933
8/27/2018,-1.910359667
8/28/2018,-1.807126888
8/29/2018,-1.831558291
8/30/2018,-1.540457314
8/31/2018,-1.375371604
9/3/2018,-2.004977286
9/4/2018,-1.754039446
9/5/2018,-1.239560559
9/6/2018,-1.659409252
9/7/2018,-1.386790447
9/10/2018,-2.082384529
9/11/2018,-1.829421963
9/12/2018,-1.596929925
9/13/2018,-1.488825489
9/14/2018,-1.813858482
9/17/2018,-2.290285445
9/18/2018,-1.618049799
9/19/2018,-1.743323992
9/20/2018,-1.519732659
9/21/2018,-1.938873601
9/24/2018,-1.424807404
9/25/2018,-1.873860537
9/26/2018,-1.515196465
9/27/2018,-1.28087717
9/28/2018,-1.894044991
10/1/2018,-1.916261951
10/2/2018,-1.752418848
10/3/2018,-1.255475584
10/4/2018,-1.527586591
10/5/2018,-1.521826162
10/8/2018,-2.00323311
10/9/2018,-1.673541457
10/10/2018,-1.920363553
10/11/2018,-1.253429954
10/12/2018,-1.800868497
10/15/2018,-2.068408179
10/16/2018,-1.94819695
10/17/2018,-1.827363473
10/18/2018,-1.767003277
10/19/2018,-1.461941703
10/22/2018,-1.832537658
10/23/2018,-1.698200533
10/24/2018,-1.702170608
10/25/2018,-1.748597552
10/26/2018,-1.60971535
10/29/2018,-1.413014834
10/30/2018,-2.00705826
10/31/2018,-1.716143101
11/1/2018,-1.783749262
11/2/2018,-1.477338894
11/5/2018,-2.17166355
11/6/2018,-2.084711074
11/7/2018,-0.723061202
11/8/2018,-1.608233621
11/9/2018,-1.864664794
11/12/2018,-1.477896139
11/13/2018,-1.412772277
11/14/2018,-0.902310545
11/15/2018,-0.872106626
11/16/2018,-1.470910938
11/19/2018,-1.823642737
11/20/2018,-1.814146828
11/21/2018,-1.405209377
11/22/2018,-2.083356023
11/23/2018,-1.676440081
11/26/2018,-2.003008075
11/27/2018,-1.605401112
11/28/2018,-0.781040992
11/29/2018,-1.639328486
11/30/2018,-2.063159215
12/3/2018,-1.490562775
12/4/2018,-1.700329862
12/5/2018,-1.904495561
12/6/2018,-1.520507934
12/7/2018,-0.917776315
12/10/2018,-1.418519908
12/11/2018,-1.726323375
12/12/2018,-1.442003642
12/13/2018,-1.440044051
12/14/2018,-1.791723015
12/17/2018,-2.152059234
12/18/2018,-2.01135285
12/19/2018,-1.108655194
12/20/2018,-1.232210938
12/21/2018,-1.233438954
12/24/2018,-1.711272947
12/26/2018,-1.887706989
12/27/2018,-1.152133201
12/28/2018,-1.439936318
12/31/2018,-1.829892385
1/2/2019,-1.386113261
1/3/2019,-0.939698494
1/4/2019,-1.180555728
1/7/2019,-1.935203049
1/8/2019,-1.755685528
1/9/2019,-1.343294478
1/10/2019,-1.574037757
1/11/2019,-1.503665715
1/14/2019,-1.941153411
1/15/2019,-1.399646377
1/16/2019,-2.025741908
1/17/2019,-2.179775344
1/18/2019,-2.407182124
1/21/2019,-2.957765889
1/22/2019,-2.568482285
1/23/2019,-2.45233998
1/24/2019,-1.438467501
1/25/2019,-1.894413551
1/28/2019,-2.297972726
1/29/2019,-2.417543327
1/30/2019,-1.050593902
1/31/2019,-1.931739928
2/1/2019,-1.808237362
2/4/2019,-2.574226381
2/5/2019,-2.709261906
2/6/2019,-2.923514201
2/7/2019,-2.482358402
2/8/2019,-2.853705539
2/11/2019,-2.228814627
2/12/2019,-2.225316383
2/13/2019,-1.984135474
2/14/2019,-1.450081029
2/15/2019,-2.155768075
2/18/2019,-2.522341525
2/19/2019,-1.958702863
2/20/2019,-2.109541458
2/21/2019,-1.948863681
2/22/2019,-2.284425982
2/25/2019,-2.523618153
2/26/2019,-2.28859036
2/27/2019,-2.176444318
2/28/2019,-2.019681572
3/1/2019,-2.453198909
3/4/2019,-2.689173182
3/5/2019,-2.101442847
3/6/2019,-2.715916326
3/7/2019,-1.832109176
3/8/2019,-2.209073803
3/11/2019,-2.507047751
3/12/2019,-1.828930114
3/13/2019,-2.212198789
3/14/2019,-2.450034986
3/15/2019,-2.434699985
3/18/2019,-2.781775371
3/19/2019,-2.696060712
3/20/2019,-1.053934905
3/21/2019,-1.999149082
3/22/2019,-0.960547174
3/25/2019,-2.339296122
3/26/2019,-2.505323448
3/27/2019,-1.925240781
3/28/2019,-1.750260526
3/29/2019,-1.927754599
4/1/2019,-2.403552136
4/2/2019,-2.343784164
4/3/2019,-2.434385667
4/4/2019,-2.778692377
4/5/2019,-2.567573736
4/8/2019,-2.718933504
4/9/2019,-2.527867609
4/10/2019,-2.319316945
4/11/2019,-2.629213386
4/12/2019,-2.329898652
4/15/2019,-2.97538179
4/16/2019,-2.335095531
4/17/2019,-2.560846589
4/18/2019,-1.868475426
4/19/2019,-4.070282847
4/22/2019,-3.818991795
4/23/2019,-2.465673723
4/24/2019,-2.047238589
4/25/2019,-2.180975406
4/26/2019,-2.247075781
4/29/2019,-2.732551512
4/30/2019,-2.500253712
5/1/2019,-1.440665415
5/2/2019,-2.631080076
5/3/2019,-2.189702861
5/6/2019,-2.461596069
5/7/2019,-2.27787855
5/8/2019,-2.243051382
5/9/2019,-2.008174651
5/10/2019,-2.584123632
5/13/2019,-2.599316094
5/14/2019,-2.468814104
5/15/2019,-1.991086024
5/16/2019,-2.685916417
5/17/2019,-2.910651635
5/20/2019,-3.11691651
5/21/2019,-2.288854746
5/22/2019,-3.128279502
5/23/2019,-2.088392853
5/24/2019,-2.384460613
5/27/2019,-3.592624034
5/28/2019,-2.607344044
5/29/2019,-2.715995863
5/30/2019,-2.896434754
5/31/2019,-2.048785449
6/3/2019,-2.287823652
6/4/2019,-1.664091107
6/5/2019,-1.701363956
6/6/2019,-1.3006524
6/7/2019,-1.60264027
6/10/2019,-2.550825307
6/11/2019,-2.32350016
6/12/2019,-2.227394019
6/13/2019,-2.739686318
6/14/2019,-2.032235449
6/17/2019,-2.535958795
6/18/2019,-1.60418657
6/19/2019,-1.920628841
6/20/2019,-1.938467338
6/21/2019,-1.702201347
6/24/2019,-2.416674347
6/25/2019,-1.516766019
6/26/2019,-2.156727714
6/27/2019,-2.510359174
6/28/2019,-2.518890665
7/1/2019,-2.169813566
7/2/2019,-2.196206084
7/3/2019,-2.283484269
7/4/2019,-3.594499528
7/5/2019,-2.199411495
7/8/2019,-3.00041593
7/9/2019,-2.992203298
7/10/2019,-1.823760197
7/11/2019,-2.050971078
7/12/2019,-2.754055128
7/15/2019,-2.823561001
7/16/2019,-2.602974592
7/17/2019,-2.938577671
7/18/2019,-2.143831379
7/19/2019,-1.831220837
7/22/2019,-2.937556148
7/23/2019,-2.83500551
7/24/2019,-2.512264921
7/25/2019,-1.688536146
7/26/2019,-2.522738854
7/29/2019,-2.911539128
7/30/2019,-2.576361291
7/31/2019,-1.414204294
8/1/2019,-1.759715855
8/2/2019,-1.997046787
8/5/2019,-1.783674537
8/6/2019,-1.704722987
8/7/2019,-1.765741405
8/8/2019,-1.723357972
8/9/2019,-2.198578125
8/12/2019,-2.407210893
8/13/2019,-1.790718738
8/14/2019,-2.089853745
8/15/2019,-1.887895366
8/16/2019,-2.116656698
8/19/2019,-2.802331287
8/20/2019,-2.690804345
8/21/2019,-2.801624004
8/22/2019,-2.142024758
8/23/2019,-1.632684483
8/26/2019,-1.972890623
8/27/2019,-2.748943907
8/28/2019,-2.751228606
8/29/2019,-2.284144559
8/30/2019,-2.071406643
9/2/2019,-2.571023181
9/3/2019,-1.511428291
9/4/2019,-2.150610091
9/5/2019,-2.268734954
9/6/2019,-2.434522626
9/9/2019,-2.125765615
9/10/2019,-2.64857743
9/11/2019,-2.771785623
9/12/2019,-0.666092133
9/13/2019,-1.922940256
9/16/2019,-2.262337293
9/17/2019,-2.120293407
9/18/2019,-1.824684053
9/19/2019,-2.344578542
9/20/2019,-2.290160229
9/23/2019,-2.058843257
9/24/2019,-2.42593199
9/25/2019,-2.635042632
9/26/2019,-2.13808521
9/27/2019,-2.255411164
9/30/2019,-2.089165805
10/1/2019,-1.745453827
10/2/2019,-2.450791407
10/3/2019,-1.389103022
10/4/2019,-2.055713157
10/7/2019,-2.651106039
10/8/2019,-2.57064765
10/9/2019,-2.525462654
10/10/2019,-2.351143994
10/11/2019,-1.869836227
10/14/2019,-2.86397156
10/15/2019,-1.560167652
10/16/2019,-1.785776524
10/17/2019,-1.684260676
10/18/2019,-2.448446889
10/21/2019,-2.587342312
10/22/2019,-2.11902273
10/23/2019,-2.813525514
10/24/2019,-1.789336484
10/25/2019,-3.032471074
10/28/2019,-3.23728437
10/29/2019,-2.802729331
10/30/2019,-1.796397899
10/31/2019,-2.228226638
11/1/2019,-2.274332948
11/4/2019,-2.614871698
11/5/2019,-2.220061493
11/6/2019,-3.148042183
11/7/2019,-2.543741704
11/8/2019,-3.039738884
11/11/2019,-3.401315621
11/12/2019,-3.002565895
11/13/2019,-2.936961814
11/14/2019,-2.964207928
11/15/2019,-3.210816689
11/18/2019,-3.12760338
11/19/2019,-3.296580936
11/20/2019,-2.86990197
11/21/2019,-3.018377629
11/22/2019,-2.441970243
11/25/2019,-3.136770234
11/26/2019,-3.292502579
11/27/2019,-3.102909237
11/28/2019,-3.713108522
11/29/2019,-2.584591514
12/2/2019,-2.435906804
12/3/2019,-2.816737538
12/4/2019,-2.551953534
12/5/2019,-2.924040643
12/6/2019,-2.230445435
12/9/2019,-3.513262562
12/10/2019,-3.110774437
12/11/2019,-2.322165118
12/12/2019,-2.198723418
12/13/2019,-1.230886745
12/16/2019,-2.636863621
12/17/2019,-2.623196202
12/18/2019,-2.760548282
12/19/2019,-2.546335278
12/20/2019,-2.889940761
12/23/2019,-3.2341767
12/24/2019,-3.367333948
12/26/2019,-3.605784151
12/27/2019,-2.454402715
12/30/2019,-2.475794727
12/31/2019,-2.883684959
1/2/2020,-2.285358478
1/3/2020,-2.591088081
1/6/2020,-2.714420559
1/7/2020,-2.381722522
1/8/2020,-2.121200495
1/9/2020,-2.636971048
1/10/2020,-2.306509559
1/13/2020,-2.946771764
1/14/2020,-2.973942902
1/15/2020,-2.75112402
1/16/2020,-2.631628874
1/17/2020,-3.127692303
1/20/2020,-3.422710864
1/21/2020,-2.964783953
1/22/2020,-2.906935372
1/23/2020,-1.940047675
1/24/2020,-3.05552337
1/27/2020,-2.850398541
1/28/2020,-3.170301534
1/29/2020,-2.821968535
1/30/2020,-2.965013594
1/31/2020,-2.617743255
2/3/2020,-2.788127234
2/4/2020,-2.979556476
2/5/2020,-2.911838488
2/6/2020,-2.51676686
2/7/2020,-2.292602821
2/10/2020,-2.999909095
2/11/2020,-2.779545388
2/12/2020,-2.521535561
2/13/2020,-2.526507644
2/14/2020,-2.577221423
2/17/2020,-3.562633252
2/18/2020,-2.235247176
2/19/2020,-2.691557932
2/20/2020,-2.193265318
2/21/2020,-1.741327603
2/24/2020,-1.821612719
2/25/2020,-2.019482526
2/26/2020,-1.61902418
2/27/2020,-1.498005514
2/28/2020,-0.732779908
3/2/2020,-0.636033896
3/3/2020,-0.326000138
3/4/2020,-1.163235159
3/5/2020,-1.314058667
3/6/2020,-0.644665351
3/9/2020,0.735730197
3/10/2020,-0.222378255
3/11/2020,-0.669724037
3/12/2020,0.868998649
3/13/2020,0.26945485
3/16/2020,0.450902975
3/17/2020,-0.228433978
3/18/2020,0.06973866
3/19/2020,1.032072218
3/20/2020,0.532670823
3/23/2020,0.577731391
3/24/2020,0.334185744
3/25/2020,-0.412867516
3/26/2020,-0.10832901
3/27/2020,-0.319826441
3/30/2020,-0.491374314
3/31/2020,-0.14745551
4/1/2020,-0.825141088
4/2/2020,-0.439845812
4/3/2020,-0.883016644
4/6/2020,-1.112980276
4/7/2020,-1.154493515
4/8/2020,-0.901482843
4/9/2020,-0.966149524
4/10/2020,-2.555999837
4/13/2020,-1.629654106
4/14/2020,-1.480605515
4/15/2020,-1.327761294
4/16/2020,-1.034018303
4/17/2020,-1.183314033
4/20/2020,-1.559440852
4/21/2020,-1.107672173
4/22/2020,-1.7479137
4/23/2020,-0.775703624
4/24/2020,-1.077763002
4/27/2020,-1.564801981
4/28/2020,-1.435288993
4/29/2020,-1.464665337
4/30/2020,-0.654314395
5/1/2020,-1.485254669
5/4/2020,-1.646785302
5/5/2020,-1.08985471
5/6/2020,-1.553530699
5/7/2020,-1.531505407
5/8/2020,-1.727694984
5/11/2020,-1.738585142
5/12/2020,-1.602734768
5/13/2020,-1.507525691
5/14/2020,-1.643736806
5/15/2020,-1.705964766
5/18/2020,-1.105200359
5/19/2020,-1.663157233
5/20/2020,-1.926254563
5/21/2020,-1.592088785
5/22/2020,-2.143141712
5/25/2020,-2.684661245
5/26/2020,-1.767821008
5/27/2020,-0.761360506
5/28/2020,-1.53170312
5/29/2020,-1.023257222
6/1/2020,-1.597518478
6/2/2020,-1.372559297
6/3/2020,-1.270218188
6/4/2020,-0.678988966
6/5/2020,-0.793404257
6/8/2020,-1.447328077
6/9/2020,-1.340702502
6/10/2020,-0.819559122
6/11/2020,-0.787169335
6/12/2020,-0.851838561
6/15/2020,-1.151601289
6/16/2020,-1.069224024
6/17/2020,-1.147026982
6/18/2020,-1.331710786
6/19/2020,-1.177239379
6/22/2020,-1.835012858
6/23/2020,-1.463564533
6/24/2020,-1.490295976
6/25/2020,-1.741852155
6/26/2020,-1.998996237
6/29/2020,-1.861563377
6/30/2020,-1.510665487
7/1/2020,-1.940165606
7/2/2020,-1.476029547
7/3/2020,-2.308424191
7/6/2020,-1.784201821
7/7/2020,-1.707369717
7/8/2020,-1.831813295
7/9/2020,-1.285077962
7/10/2020,-2.038617467
7/13/2020,-1.795880573
7/14/2020,-1.956043841
7/15/2020,-1.748562843
7/16/2020,-1.59729281
7/17/2020,-1.999339261
7/20/2020,-1.249433034
7/21/2020,-1.12104452
7/22/2020,-1.195950764
7/23/2020,-1.543599246
7/24/2020,-1.575001245
7/27/2020,-1.130174444
7/28/2020,-1.385521334
7/29/2020,-1.281570052
7/30/2020,-1.246165821
7/31/2020,-0.847071524
8/3/2020,-1.299544821
8/4/2020,-1.409843905
8/5/2020,-1.289018394
8/6/2020,-1.045206533
8/7/2020,-1.115608508
8/10/2020,-1.856927214
8/11/2020,-1.23254205
8/12/2020,-1.3540171
8/13/2020,-1.531114776
8/14/2020,-1.717615862
8/17/2020,-1.810613304
8/18/2020,-1.43275033
8/19/2020,-1.115896209
8/20/2020,-1.230514504
8/21/2020,-1.302624049
8/24/2020,-1.922402284
8/25/2020,-1.747276436
8/26/2020,-1.869770665
8/27/2020,-0.626162514
8/28/2020,-1.17060676
8/31/2020,-1.667251412
9/1/2020,-0.865532298
9/2/2020,-1.278094145
9/3/2020,-1.34275322
9/4/2020,-1.253553961
9/7/2020,-2.551977444
9/8/2020,-1.37984896
9/9/2020,-1.61043364
9/10/2020,-0.989553039
9/11/2020,-1.898034254
9/14/2020,-2.254079497
9/15/2020,-1.91172363
9/16/2020,-1.095615078
9/17/2020,-1.438979874
9/18/2020,-2.054804628
9/21/2020,-1.426793709
9/22/2020,-1.366602162
9/23/2020,-1.470481185
9/24/2020,-1.402465892
9/25/2020,-1.854251792
9/28/2020,-1.848021809
9/29/2020,-1.664395966
9/30/2020,-1.436290316
10/1/2020,-1.564592465
10/2/2020,-1.7430666
10/5/2020,-2.317782872
10/6/2020,-1.534713912
10/7/2020,-2.082495074
10/8/2020,-2.32248947
10/9/2020,-2.175768273
10/12/2020,-2.3924786
10/13/2020,-2.053666437
10/14/2020,-2.231524993
10/15/2020,-2.089933024
10/16/2020,-2.245079342
10/19/2020,-2.175516518
10/20/2020,-2.173665275
10/21/2020,-2.049993341
10/22/2020,-2.14059387
10/23/2020,-2.073381146
10/26/2020,-2.222202559
10/27/2020,-2.074467854
10/28/2020,-1.890885867
10/29/2020,-1.590914531
10/30/2020,-1.857339849
11/2/2020,-2.355917835
11/3/2020,-2.034054577
11/4/2020,-0.113604433
11/5/2020,-1.042870422
11/6/2020,-1.037179344
11/9/2020,-0.838258171
11/10/2020,-1.201471514
11/11/2020,-1.822158153
11/12/2020,-1.92021912
11/13/2020,-2.328359949
11/16/2020,-1.966120614
11/17/2020,-2.32218347
11/18/2020,-2.411433981
11/19/2020,-2.252419708
11/20/2020,-2.568748828
11/23/2020,-1.704170864
11/24/2020,-1.693445035
11/25/2020,-1.700881389
11/26/2020,-2.441828469
11/27/2020,-2.654778489
11/30/2020,-1.884117003
12/1/2020,-1.696862161
12/2/2020,-1.527959886
12/3/2020,-1.787405967
12/4/2020,-1.770906726
12/7/2020,-1.780362096
12/8/2020,-2.079078782
12/9/2020,-2.003055432
12/10/2020,-1.438686559
12/11/2020,-1.896617018
12/14/2020,-1.881176167
12/15/2020,-1.752366427
12/16/2020,-1.058872342
12/17/2020,-1.938528915
12/18/2020,-2.208964266
12/21/2020,-1.094953793
12/22/2020,-1.722920178
12/23/2020,-1.600904079
12/24/2020,-2.440943753
12/28/2020,-1.727670523
12/29/2020,-1.882356513
12/30/2020,-1.660436575
12/31/2020,-1.607054564
1/4/2021,-1.643923088
1/5/2021,-2.094367619
1/6/2021,-1.093256604
1/7/2021,-1.631010373
1/8/2021,-0.928449999
1/11/2021,-1.516006966
1/12/2021,-1.665941667
1/13/2021,-1.591717895
1/14/2021,-1.561525626
1/15/2021,-1.937199037
1/18/2021,-2.595506176
1/19/2021,-2.181727197
1/20/2021,-1.793652718
1/21/2021,-1.865520164
1/22/2021,-2.082197046
1/25/2021,-2.152311091
1/26/2021,-2.151330405
1/27/2021,-1.54963226
1/28/2021,-1.658726851
1/29/2021,-1.688594684
2/1/2021,-1.873854587
2/2/2021,-1.742585838
2/3/2021,-2.137925384
2/4/2021,-2.156532399
2/5/2021,-2.052412207
2/8/2021,-2.185209872
2/9/2021,-2.281266514
2/10/2021,-2.392656012
2/11/2021,-2.676914936
2/12/2021,-2.475602132
2/15/2021,-3.004328349
2/16/2021,-2.105659814
2/17/2021,-2.063679956
2/18/2021,-2.47595933
2/19/2021,-2.342916142
2/22/2021,-2.016160272
2/23/2021,-2.387359064
2/24/2021,-1.742028095
2/25/2021,-1.369734466
2/26/2021,-1.103358956
3/1/2021,-1.90402473
3/2/2021,-1.780883733
3/3/2021,-1.781880997
3/4/2021,-1.67080786
3/5/2021,-1.318582626
3/8/2021,-2.090333188
3/9/2021,-1.961918907
3/10/2021,-1.748562279
3/11/2021,-1.521396397
3/12/2021,-2.018756177
3/15/2021,-2.033090358
3/16/2021,-2.167197906
3/17/2021,-1.656173613
3/18/2021,-1.790839622
3/19/2021,-2.431956355
3/22/2021,-2.129866368
3/23/2021,-2.080342481
3/24/2021,-2.069949015
3/25/2021,-2.000627421
3/26/2021,-2.417206018
3/29/2021,-2.194174818
3/30/2021,-2.396260223
3/31/2021,-2.126218414
4/1/2021,-2.137740041
4/2/2021,-2.706989006
4/5/2021,-2.505181687
4/6/2021,-2.291662216
4/7/2021,-1.983427165
4/8/2021,-2.265970148
4/9/2021,-2.359360566
4/12/2021,-2.354630497
4/13/2021,-2.113411967
4/14/2021,-2.451695661
4/15/2021,-2.160434473
4/16/2021,-2.400620142
4/19/2021,-1.91234372
4/20/2021,-2.215943137
4/21/2021,-2.247027098
4/22/2021,-2.041695572
4/23/2021,-2.509736939
4/26/2021,-2.14303111
4/27/2021,-2.469223427
4/28/2021,-1.828801367
4/29/2021,-2.368306011
4/30/2021,-1.92604553
5/3/2021,-2.280691134
5/4/2021,-1.969381177
5/5/2021,-2.760605226
5/6/2021,-2.395664205
5/7/2021,-0.870454041
5/10/2021,-1.893354716
5/11/2021,-2.071158052
5/12/2021,-1.008978584
5/13/2021,-1.901764411
5/14/2021,-2.556341283
5/17/2021,-2.506022795
5/18/2021,-2.492605088
5/19/2021,-1.817110549
5/20/2021,-2.367425676
5/21/2021,-1.883980466
5/24/2021,-2.185323672
5/25/2021,-2.143154876
5/26/2021,-2.208459536
5/27/2021,-2.064277474
5/28/2021,-2.1123649
5/31/2021,-2.570214812
6/1/2021,-2.410639909
6/2/2021,-2.405531451
6/3/2021,-2.174636103
6/4/2021,-1.589505687
6/7/2021,-2.557861743
6/8/2021,-2.720693486
6/9/2021,-2.903969626
6/10/2021,-1.962381685
6/11/2021,-2.553342852
6/14/2021,-2.670960726
6/15/2021,-2.670527152
6/16/2021,-0.867223285
6/17/2021,-1.477730083
6/18/2021,-1.597642207
6/21/2021,-1.867450421
6/22/2021,-2.05441726
6/23/2021,-2.298190309
6/24/2021,-2.330315045
6/25/2021,-2.499413441
6/28/2021,-2.160094386
6/29/2021,-2.428364214
6/30/2021,-2.051390542
7/1/2021,-2.198393218
7/2/2021,-1.724960938
7/5/2021,-2.825677053
7/6/2021,-2.099809041
7/7/2021,-1.959683242
7/8/2021,-1.978787615
7/9/2021,-2.502984624
7/12/2021,-2.369101387
7/13/2021,-1.646301372
7/14/2021,-2.39551441
7/15/2021,-2.449987879
7/16/2021,-2.528215438
7/19/2021,-2.256080582
7/20/2021,-2.091851537
7/21/2021,-2.521489775
7/22/2021,-1.675668489
7/23/2021,-2.523787054
7/26/2021,-2.377574685
7/27/2021,-2.256843248
7/28/2021,-1.822948759
7/29/2021,-2.556707723
7/30/2021,-2.474231226
8/2/2021,-2.257823947
8/3/2021,-2.678624812
8/4/2021,-2.057725597
8/5/2021,-2.396759088
8/6/2021,-2.455004588
8/9/2021,-2.612397311
8/10/2021,-2.818090366
8/11/2021,-2.364537038
8/12/2021,-2.84732131
8/13/2021,-2.935965989
8/16/2021,-2.913195665
8/17/2021,-2.376350013
8/18/2021,-1.83594997
8/19/2021,-2.353824342
8/20/2021,-2.628883192
8/23/2021,-2.408529065
8/24/2021,-2.538695726
8/25/2021,-2.355956086
8/26/2021,-2.470440317
8/27/2021,-1.838879546
8/30/2021,-3.038700876
8/31/2021,-2.43706543
9/1/2021,-2.524027123
9/2/2021,-2.956785315
9/3/2021,-1.712117658
9/6/2021,-3.442043341
9/7/2021,-2.433385248
9/8/2021,-2.651612182
9/9/2021,-2.075454201
9/10/2021,-2.768544349
9/13/2021,-2.76517357
9/14/2021,-2.13486365
9/15/2021,-2.422179562
9/16/2021,-2.456094069
9/17/2021,-2.597922182
9/20/2021,-2.734014862
9/21/2021,-2.434934633
9/22/2021,-1.354132666
9/23/2021,-2.353520275
9/24/2021,-2.579934283
9/27/2021,-2.52482314
9/28/2021,-2.156414811
9/29/2021,-2.107145537
9/30/2021,-1.99265287
10/1/2021,-2.146838129
10/4/2021,-2.505716815
10/5/2021,-2.455663387
10/6/2021,-2.228596599
10/7/2021,-2.720602547
10/8/2021,-2.489997094
10/11/2021,-2.87204237
10/12/2021,-2.65531703
10/13/2021,-2.317236544
10/14/2021,-2.756891995
10/15/2021,-2.725047544
10/18/2021,-2.494282971
10/19/2021,-2.460065901
10/20/2021,-2.748343598
10/21/2021,-2.67885808
10/22/2021,-2.566580332
10/25/2021,-2.537863631
10/26/2021,-2.674860149
10/27/2021,-2.344505784
10/28/2021,-1.565447389
10/29/2021,-1.785369097
11/1/2021,-2.332424165
11/2/2021,-2.477657072
11/3/2021,-1.820605984
11/4/2021,-2.399502232
11/5/2021,-1.987000828
11/8/2021,-2.280130288
11/9/2021,-2.105195713
11/10/2021,-1.531467993
11/11/2021,-2.14075125
11/12/2021,-2.350799448
11/15/2021,-1.836496859
11/16/2021,-1.690438143
11/17/2021,-1.444916321
11/18/2021,-2.054339501
11/19/2021,-1.260117842
11/22/2021,-1.357107112
11/23/2021,-2.093760565
11/24/2021,-1.549683889
11/25/2021,-2.798704426
11/26/2021,-1.264802746
11/29/2021,-1.996631098
11/30/2021,-0.893192043
12/1/2021,-1.394222841
12/2/2021,-2.161235649
12/3/2021,-1.461307013
12/6/2021,-2.229203163
12/7/2021,-1.953205172
12/8/2021,-1.997079577
12/9/2021,-2.219148837
12/10/2021,-1.306870984
12/13/2021,-2.095010233
12/14/2021,-2.342912521
12/15/2021,-1.525420716
12/16/2021,-1.525915128
12/17/2021,-2.000807692
12/20/2021,-2.050905987
12/21/2021,-2.281242483
12/22/2021,-1.945025023
12/23/2021,-2.189455387
12/24/2021,-2.489846347
12/27/2021,-2.309271196
12/28/2021,-2.351896276
12/29/2021,-2.098977946
12/30/2021,-1.734032658
12/31/2021,-1.56937519
1/3/2022,-1.730754857
1/4/2022,-1.996776384
1/5/2022,-1.845318794
1/6/2022,-1.678831734
1/7/2022,-2.025760665
1/10/2022,-2.017467115
1/11/2022,-2.205350788
1/12/2022,-1.945182696
1/13/2022,-1.867309719
1/14/2022,-1.987144796
1/17/2022,-2.336967971
1/18/2022,-1.846998174
1/19/2022,-2.279690446
1/20/2022,-2.118995471
1/21/2022,-2.29052494
1/24/2022,-2.003222088
1/25/2022,-2.320276548
1/26/2022,-1.920040534
1/27/2022,-1.601225677
1/28/2022,-1.607412967
1/31/2022,-1.791338413
2/1/2022,-1.679720655
2/2/2022,-2.146532798
2/3/2022,-0.711373173
2/4/2022,-1.086497185
2/7/2022,-1.741258691
2/8/2022,-1.902199364
2/9/2022,-2.159995122
2/10/2022,-0.659638966
2/11/2022,-1.041201072
2/14/2022,-1.261431777
2/15/2022,-1.549053624
2/16/2022,-2.051087684
2/17/2022,-0.966613556
2/18/2022,-1.999650421
2/21/2022,-1.759689723
2/22/2022,-1.366599072
2/23/2022,-2.017732538
2/24/2022,-0.263468914
2/25/2022,-0.922946496
2/28/2022,-0.535703921
3/1/2022,-0.988678062
3/2/2022,-0.507292697
3/3/2022,-1.271143517
3/4/2022,-0.749569492
3/7/2022,-0.076464847
3/8/2022,-0.224376875
3/9/2022,-0.574102551
3/10/2022,-0.138003525
3/11/2022,-0.893194479
3/14/2022,-1.215314224
3/15/2022,-0.861017804
3/16/2022,-0.379989419
3/17/2022,-1.187835117
3/18/2022,-1.525487925
3/21/2022,-1.586600132
3/22/2022,-1.492486431
3/23/2022,-1.611829266
3/24/2022,-1.501925418
3/25/2022,-1.563673656
3/28/2022,-1.26895878
3/29/2022,-0.309352952
3/30/2022,-1.250258269
3/31/2022,-0.968495263
4/1/2022,-1.406459962
4/4/2022,-1.95487284
4/5/2022,-1.899619458
4/6/2022,-1.486109151
4/7/2022,-1.419627844
4/8/2022,-1.65656566
4/11/2022,-1.558634449
4/12/2022,-1.364070177
4/13/2022,-1.71384125
4/14/2022,-0.480741846
4/15/2022,-2.803465172
4/18/2022,-2.005121885
4/19/2022,-1.549762233
4/20/2022,-1.360792253
4/21/2022,-1.190374456
4/22/2022,-1.361380395
4/25/2022,-0.927364326
4/26/2022,-1.394147203
4/27/2022,-0.875980789
4/28/2022,-0.358869485
4/29/2022,-0.833699495
5/2/2022,-1.07731927
5/3/2022,-1.102270058
5/4/2022,-0.286777764
5/5/2022,-0.701687872
5/6/2022,-0.248707285
5/9/2022,-0.898505687
5/10/2022,-1.193635444
5/11/2022,-1.017136956
5/12/2022,-0.519448593
5/13/2022,-1.182426022
5/16/2022,-1.266913888
5/17/2022,-0.827554132
5/18/2022,-1.237725648
5/19/2022,-0.90236671
5/20/2022,-1.333115441
5/23/2022,-0.891071469
5/24/2022,-0.716908869
5/25/2022,-1.213574282
5/26/2022,-1.368513172
5/27/2022,-1.190333868
5/30/2022,-1.6390484
5/31/2022,-0.85850323
6/1/2022,-1.162392182
6/2/2022,-1.558056342
6/3/2022,-1.648977588
6/6/2022,-1.644893303
6/7/2022,-1.532532702
6/8/2022,-1.546765102
6/9/2022,-0.272227317
6/10/2022,-0.721143069
6/13/2022,-0.781810217
6/14/2022,-0.958714696
6/15/2022,0.092408276
6/16/2022,-0.219057189
6/17/2022,-0.671540875
6/20/2022,-1.468757622
6/21/2022,-1.288467222
6/22/2022,-1.08568034
6/23/2022,-0.585597803
6/24/2022,-1.059362201
6/27/2022,-1.464880047
6/28/2022,-1.294040825
6/29/2022,-1.181463989
6/30/2022,-0.924778063
7/1/2022,-1.034682267
7/4/2022,-1.684537532
7/5/2022,-0.715264103
7/6/2022,-0.690432038
7/7/2022,-0.889472719
7/8/2022,-0.42475297
7/11/2022,-1.00298166
7/12/2022,-0.853507298
7/13/2022,0.095342399
7/14/2022,-0.336210473
7/15/2022,-0.761415253
7/18/2022,-1.027026035
7/19/2022,-0.476723214
7/20/2022,-0.60815313
7/21/2022,-0.02566318
7/22/2022,-0.413601122
7/25/2022,-0.91231741
7/26/2022,-0.858325606
7/27/2022,-0.296875262
7/28/2022,-0.408459525
7/29/2022,-0.494746047
8/1/2022,-0.992119855
8/2/2022,-0.702167784
8/3/2022,-0.873806382
8/4/2022,-1.107396231
8/5/2022,-0.688695119
8/8/2022,-1.409560071
8/9/2022,-1.699565057
8/10/2022,-0.29917797
8/11/2022,-1.237407939
8/12/2022,-1.333585825
8/15/2022,-1.493469423
8/16/2022,-1.272527725
8/17/2022,-1.147908183
8/18/2022,-1.274673269
8/19/2022,-1.521983059
8/22/2022,-1.275858627
8/23/2022,-0.630099543
8/24/2022,-0.868287887
8/25/2022,-0.831860292
8/26/2022,-0.186883926
8/29/2022,-0.807116831
8/30/2022,-0.63897059
8/31/2022,-0.683945225
9/1/2022,-0.72353292
9/2/2022,-0.698659413
9/5/2022,-0.983677072
9/6/2022,-0.808663232
9/7/2022,-0.775737968
9/8/2022,-0.335215086
9/9/2022,-0.625723861
9/12/2022,-0.503374484
9/13/2022,0.204330613
9/14/2022,-0.921978973
9/15/2022,-1.353686178
9/16/2022,-0.786030393
9/19/2022,-1.343692802
9/20/2022,-1.084830053
9/21/2022,-0.006963961
9/22/2022,-0.487369953
9/23/2022,-0.3361952
9/26/2022,0.850457404
9/27/2022,-0.30114187
9/28/2022,0.188044835
9/29/2022,0.062107454
9/30/2022,-0.162445789
10/3/2022,-0.24223376
10/4/2022,-0.567164359
10/5/2022,-0.581813403
10/6/2022,-0.677606749
10/7/2022,-0.499959582
10/10/2022,-0.615426763
10/11/2022,-0.619988064
10/12/2022,-0.446679383
10/13/2022,0.534400501
10/14/2022,-0.299310305
10/17/2022,-0.581399152
10/18/2022,-0.63607787
10/19/2022,-0.842692402
10/20/2022,-0.584555536
10/21/2022,0.119050713
10/24/2022,-0.088895716
10/25/2022,-0.772978443
10/26/2022,-0.710689423
10/27/2022,-0.441348116
10/28/2022,-0.769217761
10/31/2022,-1.036646973
11/1/2022,-0.908899224
11/2/2022,0.093498111
11/3/2022,-0.863334352
11/4/2022,-0.293600118
11/7/2022,-0.544888073
11/8/2022,-0.903678077
11/9/2022,-0.594845065
11/10/2022,0.891661645
11/11/2022,-0.532718626
11/14/2022,-0.515939529
11/15/2022,0.503991039
11/16/2022,-0.398802401
11/17/2022,-0.685063449
11/18/2022,-0.989386968
11/21/2022,-1.066230741
11/22/2022,-1.277123315
11/23/2022,-0.743598874
11/24/2022,-1.261707648
11/25/2022,-1.280727838
11/28/2022,-0.696069858
11/29/2022,-0.590878921
11/30/2022,-0.322207628
12/1/2022,-0.30177936
12/2/2022,0.04789353
12/5/2022,-0.620318751
12/6/2022,-1.033580185
12/7/2022,-0.876679332
12/8/2022,-1.326947424
12/9/2022,-1.147770854
12/12/2022,-1.339954248
12/13/2022,-0.254022753
12/14/2022,-0.492811352
12/15/2022,-0.325993423
12/16/2022,-1.06196093
12/19/2022,-1.195764146
12/20/2022,-0.667036065
12/21/2022,-1.371607088
12/22/2022,-1.185687812
12/23/2022,-1.477547055
12/26/2022,-2.542914339
12/27/2022,-1.60291423
12/28/2022,-1.74866113
12/29/2022,-1.602448179
12/30/2022,-1.031702824
1/2/2023,-1.459918253
1/3/2023,-0.677041768
1/4/2023,-0.876577332
1/5/2023,-0.955203983
1/6/2023,-0.434570046
1/9/2023,-1.264393204
1/10/2023,-1.430888672
1/11/2023,-1.422255596
1/12/2023,-0.344768778
1/13/2023,-1.205409246
1/16/2023,-1.783744743
1/17/2023,-0.87937619
1/18/2023,-0.733575036
1/19/2023,-1.335576879
1/20/2023,-1.547351822
1/23/2023,-1.316778484
1/24/2023,-1.449951523
1/25/2023,-1.269482519
1/26/2023,-1.473580792
1/27/2023,-1.511589524
1/30/2023,-1.649161647
1/31/2023,-1.434427547
2/1/2023,-0.966530029
2/2/2023,-0.50923618
2/3/2023,-0.209962427
2/6/2023,-1.493807574
2/7/2023,-0.782171149
2/8/2023,-1.406749401
2/9/2023,-1.515797572
2/10/2023,-1.443481576
2/13/2023,-1.681669732
2/14/2023,-0.535251548
2/15/2023,-1.310689761
2/16/2023,-1.519044836
2/17/2023,-1.323936608
2/20/2023,-2.49223812
2/21/2023,-1.205024465
2/22/2023,-1.649576638
2/23/2023,-1.791330673
2/24/2023,-1.41407376
2/27/2023,-1.759370191
2/28/2023,-1.415587692
3/1/2023,-1.218584116
3/2/2023,-1.590452995
3/3/2023,-1.852160377
3/6/2023,-1.775077241
3/7/2023,-0.774435486
3/8/2023,-1.369895181
3/9/2023,-1.691472751
3/10/2023,-0.737897692
3/13/2023,-0.365268541
3/14/2023,-1.129049252
3/15/2023,-0.41765012
3/16/2023,-0.395458736
3/17/2023,-1.435506444
3/20/2023,-1.11446076
3/21/2023,-1.849400327
3/22/2023,-0.366584591
3/23/2023,-1.145251354
3/24/2023,-0.838873142
3/27/2023,-1.534987882
3/28/2023,-1.790903755
3/29/2023,-1.802402062
3/30/2023,-1.643287214
3/31/2023,-1.480873116
4/3/2023,-1.26782596
4/4/2023,-1.444857424
4/5/2023,-1.685328504
4/6/2023,-2.169591686
4/7/2023,-2.033700174
4/10/2023,-1.967359474
4/11/2023,-2.032306553
4/12/2023,-0.734292632
4/13/2023,-1.474918746
4/14/2023,-1.370434832
4/17/2023,-1.662606706
4/18/2023,-2.074902462
4/19/2023,-1.786516436
4/20/2023,-1.634619885
4/21/2023,-1.345052865
4/24/2023,-1.98497751
4/25/2023,-1.7526005
4/26/2023,-1.071412093
4/27/2023,-1.319397915
4/28/2023,-1.047643952
5/1/2023,-2.044920079
5/2/2023,-1.372404944
5/3/2023,-1.281653872
5/4/2023,-0.871932661
5/5/2023,-1.468564336
5/8/2023,-2.218337474
5/9/2023,-2.256955903
5/10/2023,-1.318115996
5/11/2023,-1.625273911
5/12/2023,-2.173449714
5/15/2023,-2.470863718
5/16/2023,-1.933707827
5/17/2023,-2.049759629
5/18/2023,-1.964304924
5/19/2023,-1.607576382
5/22/2023,-1.88356708
5/23/2023,-1.970715601
5/24/2023,-1.791858203
5/25/2023,-1.920919174
5/26/2023,-1.691356435
5/29/2023,-2.682917203
5/30/2023,-1.674790697
5/31/2023,-1.464854035
6/1/2023,-1.903935099
6/2/2023,-1.80060485
6/5/2023,-1.707833771
6/6/2023,-2.055421387
6/7/2023,-2.088953262
6/8/2023,-2.241459064
6/9/2023,-2.46837095
6/12/2023,-2.012491617
6/13/2023,-1.643132268
6/14/2023,-1.239491929
6/15/2023,-1.299736894
6/16/2023,-1.824202188
6/19/2023,-2.345764526
6/20/2023,-1.93223948
6/21/2023,-2.236880798
6/22/2023,-2.014987247
6/23/2023,-1.405826614
6/26/2023,-2.328111881
6/27/2023,-1.871043365
6/28/2023,-1.885569108
6/29/2023,-1.487355537
6/30/2023,-1.84003061
7/3/2023,-2.000820875
7/4/2023,-2.7232823
7/5/2023,-1.992722805
7/6/2023,-1.010123959
7/7/2023,-1.332754238
7/10/2023,-2.218002612
7/11/2023,-2.359499967
7/12/2023,-1.30023362
7/13/2023,-1.752307959
7/14/2023,-1.826633516
7/17/2023,-2.075295533
7/18/2023,-1.439271684
7/19/2023,-1.628645567
7/20/2023,-1.809406428
7/21/2023,-2.132276244
7/24/2023,-1.113552859
7/25/2023,-1.973373275
7/26/2023,-1.487159542
7/27/2023,-0.924584095
7/28/2023,-1.120370895
7/31/2023,-1.903906004
8/1/2023,-1.805563708
8/2/2023,-1.516243198
8/3/2023,-1.402928314
8/4/2023,-1.408155642
8/7/2023,-2.212776732
8/8/2023,-2.103721177
8/9/2023,-2.044044913
8/10/2023,-1.541736127
8/11/2023,-1.6890713
8/14/2023,-1.869411064
8/15/2023,-1.550993669
8/16/2023,-2.0035974
8/17/2023,-2.053930324
8/18/2023,-2.11165
8/21/2023,-2.336497768
8/22/2023,-2.054830575
8/23/2023,-1.070985057
8/24/2023,-2.138446939
8/25/2023,-1.11929117
8/28/2023,-2.46045372
8/29/2023,-1.11736487
8/30/2023,-1.66997626
8/31/2023,-1.650500447
9/1/2023,-1.035514671
9/4/2023,-2.747034431
9/5/2023,-1.92261821
9/6/2023,-1.686162651
9/7/2023,-2.129759643
9/8/2023,-2.297606877
9/11/2023,-2.126640104
9/12/2023,-2.024645345
9/13/2023,-1.721134284
9/14/2023,-1.108803424
9/15/2023,-1.885050811
9/18/2023,-2.506737753
9/19/2023,-2.393122884
9/20/2023,-1.207010299
9/21/2023,-1.654373422
9/22/2023,-1.191916263
9/25/2023,-2.228172004
9/26/2023,-2.127504745
9/27/2023,-1.716146333
9/28/2023,-1.296246729
9/29/2023,-1.664261201
10/2/2023,-1.69632549
10/3/2023,-1.262097286
10/4/2023,-1.529338516
10/5/2023,-1.750486809
10/6/2023,-0.617251747
10/9/2023,-1.824248579
10/10/2023,-1.75199664
10/11/2023,-1.623904423
10/12/2023,-1.389523427
10/13/2023,-1.84331152
10/16/2023,-1.928879132
10/17/2023,-1.467248995
10/18/2023,-1.808839173
10/19/2023,-1.080586178
10/20/2023,-1.700993935
10/23/2023,-1.820596883
10/24/2023,-1.583859813
10/25/2023,-2.176709513
10/26/2023,-1.786420412
10/27/2023,-1.473745705
10/30/2023,-1.894213439
10/31/2023,-1.280499159
11/1/2023,-1.574993883
11/2/2023,-1.809163735
11/3/2023,-1.226862604
11/6/2023,-2.215627459
11/7/2023,-2.097578727
11/8/2023,-2.12876238
11/9/2023,-1.527078742
11/10/2023,-1.912436539
11/13/2023,-2.261509446
11/14/2023,-0.612724672
11/15/2023,-1.789660568
11/16/2023,-1.719397212
11/17/2023,-1.789128814
11/20/2023,-1.919307664
11/21/2023,-2.037433717
11/22/2023,-1.600999442
11/23/2023,-2.461147389
11/24/2023,-2.261078787
11/27/2023,-2.24787472
11/28/2023,-1.711403167
11/29/2023,-1.585236099
11/30/2023,-1.388163895
12/1/2023,-1.522590189
12/4/2023,-1.710621391
12/5/2023,-1.557291092
12/6/2023,-1.959322491
12/7/2023,-1.75470894
12/8/2023,-1.180766344
12/11/2023,-2.103619593
12/12/2023,-1.736351516
12/13/2023,-0.888983097
12/14/2023,-1.072030018
12/15/2023,-1.305875161
12/18/2023,-2.255077396
12/19/2023,-2.003161508
12/20/2023,-2.08784563
12/21/2023,-1.951165842
12/22/2023,-1.850688553
12/26/2023,-2.554261754
12/27/2023,-2.028605793
12/28/2023,-1.514018965
12/29/2023,-1.8448753
1/2/2024,-1.813862117
1/3/2024,-1.660627919
1/4/2024,-2.11658457
1/5/2024,-0.977305835
1/8/2024,-2.216558792
1/9/2024,-1.965036224
1/10/2024,-2.220132401
1/11/2024,-1.326648328
1/12/2024,-1.835269446
1/15/2024,-2.62673797
1/16/2024,-1.631777939
1/17/2024,-1.923026949
1/18/2024,-1.915781336
1/19/2024,-2.268230389
1/22/2024,-2.21997899
1/23/2024,-2.103228556
1/24/2024,-1.623778573
1/25/2024,-1.610297932
1/26/2024,-1.910199032
1/29/2024,-2.247734977
1/30/2024,-2.208217956
1/31/2024,-1.032816131
2/1/2024,-1.794106995
2/2/2024,-0.717343047
2/5/2024,-2.06214168
2/6/2024,-2.279385447
2/7/2024,-2.393078808
2/8/2024,-2.512110347
2/9/2024,-2.289285729
2/12/2024,-2.565384641
2/13/2024,-0.789928289
2/14/2024,-2.457192209
2/15/2024,-2.340031101
2/16/2024,-2.054477328
2/19/2024,-3.219636979
2/20/2024,-2.397402058
2/21/2024,-2.604987965
2/22/2024,-1.788198196
2/23/2024,-2.568057562
2/26/2024,-2.7072116
2/27/2024,-2.688470783
2/28/2024,-2.651533813
2/29/2024,-2.208994331
3/1/2024,-2.32805627
3/4/2024,-2.823782592
3/5/2024,-2.46361771
3/6/2024,-2.785721374
3/7/2024,-2.043097418
3/8/2024,-1.908379262
3/11/2024,-2.85451169
3/12/2024,-2.43217315
3/13/2024,-2.992087852
3/14/2024,-2.537193925
3/15/2024,-2.926375977
3/18/2024,-3.227711577
3/19/2024,-3.058371393
3/20/2024,-1.690690489
3/21/2024,-2.30134107
3/22/2024,-2.717875828
3/25/2024,-2.820727921
3/26/2024,-2.828120128
3/27/2024,-3.060299155
3/28/2024,-2.297785664
3/29/2024,-3.040576008
4/1/2024,-2.39131504
4/2/2024,-2.376476502
4/3/2024,-2.376039156
4/4/2024,-2.687305675
4/5/2024,-1.509330257
4/8/2024,-2.76805111
4/9/2024,-2.824478625
4/10/2024,-0.513628269
4/11/2024,-1.637859
4/12/2024,-2.002944345
4/15/2024,-1.777920627
4/16/2024,-1.642733856
4/17/2024,-1.870338452
4/18/2024,-2.345356486
4/19/2024,-1.812029676
4/22/2024,-2.409842835
4/23/2024,-1.458063665
4/24/2024,-2.382299667
4/25/2024,-1.950777542
4/26/2024,-2.164678543
4/29/2024,-2.134268357
4/30/2024,-1.725205936
5/1/2024,-1.643001962
5/2/2024,-1.892097569
5/3/2024,-1.138564218
5/6/2024,-3.073278725
5/7/2024,-2.698911401
5/8/2024,-3.094546771
5/9/2024,-2.491424376
5/10/2024,-2.741472239
5/13/2024,-3.00603947
5/14/2024,-2.453928961
5/15/2024,-1.876262361
5/16/2024,-2.805858473
5/17/2024,-2.829541401
5/20/2024,-3.16109467
5/21/2024,-2.833934297
5/22/2024,-2.711338748
5/23/2024,-2.103893013
5/24/2024,-3.125469108
5/27/2024,-2.959941699
5/28/2024,-3.0056288
5/29/2024,-2.325914544
5/30/2024,-2.652741482
5/31/2024,-2.340413912
6/3/2024,-2.358173474
6/4/2024,-2.587196673
6/5/2024,-2.424007413
6/6/2024,-2.394148235
6/7/2024,-1.042378885
6/10/2024,-2.426808945
6/11/2024,-2.287307791
6/12/2024,-1.009135609
6/13/2024,-1.937668199
6/14/2024,-1.945151333
6/17/2024,-2.472238658
6/18/2024,-2.24013989
6/19/2024,-2.944633022
6/20/2024,-2.467495112
6/21/2024,-1.886925331
6/24/2024,-2.733880046
6/25/2024,-2.850815912
6/26/2024,-2.359027241
6/27/2024,-2.473887395
6/28/2024,-2.221575369
7/1/2024,-2.115436846
7/2/2024,-2.597581269
7/3/2024,-2.274933148
7/4/2024,-3.325550888
7/5/2024,-2.350686647
7/8/2024,-2.461842133
7/9/2024,-2.92131241
7/10/2024,-3.376816856
7/11/2024,-1.433047152
7/12/2024,-2.792975746
7/15/2024,-2.677736861
7/16/2024,-2.738256819
7/17/2024,-2.599733116
7/18/2024,-2.912722524
7/19/2024,-2.90735352
7/22/2024,-2.910088741
7/23/2024,-2.860247046
7/24/2024,-2.673810396
7/25/2024,-2.321814944
7/26/2024,-2.908944886
7/29/2024,-2.843176474
7/30/2024,-2.7303899
7/31/2024,-2.039110184
8/1/2024,-2.003847201
8/2/2024,-1.498308938
8/5/2024,-0.899865553
8/6/2024,-2.170097444
8/7/2024,-2.480295051
8/8/2024,-2.108750565
8/9/2024,-3.062041408
8/12/2024,-2.873125725
8/13/2024,-2.476829853
8/14/2024,-2.17387308
8/15/2024,-1.689081426
8/16/2024,-3.069673993
8/19/2024,-2.502063819
8/20/2024,-2.530332157
8/21/2024,-1.957998936
8/22/2024,-2.020711845
8/23/2024,-1.354747117
8/26/2024,-2.516946595
8/27/2024,-2.475773868
8/28/2024,-2.001029827
8/29/2024,-1.375946363
8/30/2024,-2.0602076
9/2/2024,-2.721332614
9/3/2024,-2.227797278
9/4/2024,-2.064230682
9/5/2024,-2.042132184
9/6/2024,-1.227842651
9/9/2024,-2.453005795
9/10/2024,-2.784161202
9/11/2024,-1.990622664
9/12/2024,-2.08983484
9/13/2024,-2.821681476
9/16/2024,-2.606707257
9/17/2024,-2.40923556
9/18/2024,-1.026808343
9/19/2024,-1.666567361
9/20/2024,-2.277133668
9/23/2024,-1.773391199
9/24/2024,-2.359132124
9/25/2024,-2.041058203
9/26/2024,-1.403391722
9/27/2024,-1.61605051
9/30/2024,-1.496681102
10/1/2024,-1.804423534
10/2/2024,-2.20950479
10/3/2024,-2.353958408
10/4/2024,-1.089456818
10/7/2024,-2.221667219
10/8/2024,-2.519698516
10/9/2024,-2.498419937
10/10/2024,-1.812299392
10/11/2024,-2.252096056
10/14/2024,-2.604694644
10/15/2024,-2.64400227
10/16/2024,-2.720311205
10/17/2024,-1.732185343
10/18/2024,-2.822961345
10/21/2024,-3.01177866
10/22/2024,-2.665739886
10/23/2024,-2.605619547
10/24/2024,-2.125016439
10/25/2024,-2.74561028
10/28/2024,-2.720373097
10/29/2024,-2.0128051
10/30/2024,-1.710340628
10/31/2024,-2.082646507
11/1/2024,-1.651674226
11/4/2024,-2.147249431
11/5/2024,-2.801992756
11/6/2024,0.00038278
11/7/2024,-0.995956681
11/8/2024,-1.597023627
11/11/2024,-1.654236392
11/12/2024,-1.925435299
11/13/2024,-1.137236367
11/14/2024,-1.180146616
11/15/2024,-1.271232212
11/18/2024,-1.898355374
11/19/2024,-1.202978143
11/20/2024,-1.741995388
11/21/2024,-1.385497127
11/22/2024,0.16558084
11/25/2024,-0.960417834
11/26/2024,-0.721700096
11/27/2024,-1.006972165
11/28/2024,-1.870389513
11/29/2024,-1.387991767
12/2/2024,-0.9671655
12/3/2024,-1.531357645
12/4/2024,-1.377269863
12/5/2024,-1.510906489
12/6/2024,-1.064307465
12/9/2024,-1.803734423
12/10/2024,-1.950344938
12/11/2024,-1.484823475
12/12/2024,-1.418036836
12/13/2024,-1.759800174
12/16/2024,-1.620784342
12/17/2024,-2.031239124
12/18/2024,-0.482683476
12/19/2024,-1.16105365
12/20/2024,-1.318016918
12/23/2024,-1.742316604
12/24/2024,-2.167785229
12/26/2024,-2.654280146
12/27/2024,-2.182033642
12/30/2024,-1.407607403
12/31/2024,-1.943170827
1/2/2025,-0.828413095
1/3/2025,-1.937156321
1/6/2025,-0.332990416
1/7/2025,-1.202580282
1/8/2025,-1.413035729
1/9/2025,-2.146035692
1/10/2025,-0.091819324
1/13/2025,-1.234885904
1/14/2025,-1.254698655
1/15/2025,-0.995226883
1/16/2025,-1.280876103
1/17/2025,-1.462718638
1/20/2025,0.166894915
1/21/2025,-0.768643398
1/22/2025,-1.506292017
1/23/2025,-1.836544699
1/24/2025,-1.357880352
1/27/2025,-1.547552179
1/28/2025,-1.412263292
1/29/2025,-1.475268339
1/30/2025,-0.73442687
1/31/2025,-0.878429288
2/3/2025,0.132870062
2/4/2025,-1.328617925
2/5/2025,-1.643250595
2/6/2025,-1.871233556
2/7/2025,-0.75051463
2/10/2025,-1.816780537
2/11/2025,-2.288057448
2/12/2025,-0.830621248
2/13/2025,-0.929720881
2/14/2025,-1.875401893
2/17/2025,-2.538873461
2/18/2025,-2.12403316
2/19/2025,-2.156964134
2/20/2025,-1.971472588
2/21/2025,-1.759715257
2/24/2025,-1.542788373
2/25/2025,-1.855592193
2/26/2025,-1.508334502
2/27/2025,-1.562192991
2/28/2025,-1.543687441
3/3/2025,-1.388693038
3/4/2025,-0.899011009
3/5/2025,-0.452675053
3/6/2025,-0.551304384
3/7/2025,-0.680281579
3/10/2025,-0.787194878
3/11/2025,-1.037716838
3/12/2025,-1.485498917
3/13/2025,-1.386351084
3/14/2025,-1.287981602
3/17/2025,-1.984922135
3/18/2025,-1.682284751
3/19/2025,-1.231568233
3/20/2025,-1.486746576
3/21/2025,-1.688723394
3/24/2025,-1.411970967
3/25/2025,-1.961347077
3/26/2025,-1.833315979
3/27/2025,-1.483582058
3/28/2025,-1.633287482
3/31/2025,-1.319400933
4/1/2025,-1.539321172
4/2/2025,-0.71427224
4/3/2025,0.283262014
4/4/2025,0.110961958
4/7/2025,0.16803802
4/8/2025,-0.522265997
4/9/2025,0.553532183
4/10/2025,0.075113509
4/11/2025,1.041018239
4/14/2025,-0.18466968
4/15/2025,-0.626957688
4/16/2025,-0.6752835
4/17/2025,-0.99820946
4/18/2025,-2.30149465
4/21/2025,-0.500920034
4/22/2025,-0.726743198
4/23/2025,-0.011264083
4/24/2025,-1.165587834
4/25/2025,-1.291519265
4/28/2025,-1.1036271
4/29/2025,-1.048400928
4/30/2025,-1.112975235
5/1/2025,-1.122975353
5/2/2025,-0.893908013
5/5/2025,-1.411555509
5/6/2025,-1.197916328
5/7/2025,-0.820431058
5/8/2025,-0.959248322
5/9/2025,-1.70270946
5/12/2025,-0.388980646
5/13/2025,-1.474013583
5/14/2025,-0.893558227
5/15/2025,-1.3026367
5/16/2025,-1.700665173
5/19/2025,-1.312041236
5/20/2025,-1.625695029
5/21/2025,-1.236519936
5/22/2025,-1.204312538
5/23/2025,-0.754753712
5/26/2025,-1.884004359
5/27/2025,-1.671269427
5/28/2025,-1.540097705
5/29/2025,-0.670129789
5/30/2025,-1.322502506
6/2/2025,-1.640039918
6/3/2025,-1.755878194
6/4/2025,-1.538803572
6/5/2025,-1.254496298
6/6/2025,-1.548442621
6/9/2025,-2.089589677
6/10/2025,-1.615091438
6/11/2025,-1.282654437
6/12/2025,-1.068117634
6/13/2025,-0.578260639
6/16/2025,-1.605076803
6/17/2025,-1.464295524
6/18/2025,-1.139711877
6/19/2025,-1.790218815
6/20/2025,-1.872955898
6/23/2025,-1.064573624
6/24/2025,-1.376784107
6/25/2025,-2.071900488
6/26/2025,-1.369043691
6/27/2025,-1.451751622
6/30/2025,-1.679407633
,
,
,
,
,
,
,
,
,
,
,
,
,
,
,
,
,
,
,
,
,
,
,
,
,
,
,
,
,
,
,
,
,
,
,
,
,
,
,
,
,
,
,
,
,
,
,
,
,
,
,
,
,
,
,
,
,
,
,
,
,
,
,
,
,
,
,
,
,
,
,
,
,
,
,
,
,
,
,
,
,
,
,
,
,
,
,
,
,
,
,
,
,
,
,
,
,
,
,
,
,
,
,
,
,
,
,
,
,
,
,
,
,
,
,
,
,
,
,
,
,
,
,
,
,
,
,
,
,
,
,
,
,
,
,
,
,
,
,
,
,
,
,
,
,
,
,
,
,
,
,
,
,
,
,
,
,
,
,
,
,
,
,
,
,
,
,
,
,
,
,
,
,
,
,
,
,
,
,
,
,
,
,
,
,
,
,
,
,
,
,
,
,
,
,
,
,
,
,
,
,
,
,
,
,
,
,
,
,
,
,
,
,
,
,
,
,
,
,
,
,
,
,
,
,
,
,
,
,
,
,
,
,
,
,
,
,
,
,
,
,
,
,
,
,
,
,
,
,
,
,
,
,
,
,
,
,
,
,
