date,ln_RV
1/4/2010,-0.860657588
1/5/2010,-1.002449936
1/6/2010,-0.729599929
1/7/2010,-1.070281311
1/8/2010,-0.54708986
1/11/2010,-0.844610446
1/12/2010,-0.960847817
1/13/2010,-1.087497108
1/14/2010,-1.275074587
1/15/2010,-1.043474421
1/18/2010,-1.966565639
1/19/2010,-1.226641326
1/20/2010,-0.604642527
1/21/2010,-0.466246403
1/22/2010,-0.847238546
1/25/2010,-1.246624499
1/26/2010,-1.087925623
1/27/2010,-0.995061465
1/28/2010,-0.984281578
1/29/2010,-1.020777383
2/1/2010,-1.29584019
2/2/2010,-1.447656854
2/3/2010,-1.577120259
2/4/2010,-1.084879149
2/5/2010,-0.21692721
2/8/2010,-0.972207498
2/9/2010,-0.322871738
2/10/2010,-0.65347524
2/11/2010,-0.701888505
2/12/2010,-0.435160874
2/15/2010,-1.762726568
2/16/2010,-0.98142977
2/17/2010,-0.98036583
2/18/2010,-0.368424304
2/19/2010,-0.484478396
2/22/2010,-1.01375338
2/23/2010,-0.674833812
2/24/2010,-0.843120659
2/25/2010,-0.707664264
2/26/2010,-0.734654039
3/1/2010,-0.278444748
3/2/2010,-0.338129713
3/3/2010,-0.699393825
3/4/2010,-0.825997235
3/5/2010,-1.114325569
3/8/2010,-1.394246478
3/9/2010,-1.31206656
3/10/2010,-1.351740967
3/11/2010,-1.185100703
3/12/2010,-1.216557295
3/15/2010,-1.483944525
3/16/2010,-1.088378404
3/17/2010,-1.49589479
3/18/2010,-1.028891705
3/19/2010,-1.476758847
3/22/2010,-1.241588695
3/23/2010,-1.059019096
3/24/2010,-0.620755401
3/25/2010,-0.689794946
3/26/2010,-0.943785006
3/29/2010,-1.071633271
3/30/2010,-1.20484333
3/31/2010,-1.122842432
4/1/2010,-0.946848347
4/2/2010,-1.735139822
4/5/2010,-1.354614585
4/6/2010,-1.266532416
4/7/2010,-1.413401639
4/8/2010,-1.409387581
4/9/2010,-0.82193505
4/12/2010,-0.796953041
4/13/2010,-1.12956214
4/14/2010,-1.191430737
4/15/2010,-1.348893505
4/16/2010,-1.034377405
4/19/2010,-1.403449362
4/20/2010,-1.416292293
4/21/2010,-1.477887055
4/22/2010,-1.17589535
4/23/2010,-0.395374264
4/26/2010,-1.000955653
4/27/2010,-0.537571291
4/28/2010,-0.023539442
4/29/2010,-0.818560362
4/30/2010,-0.774460286
5/3/2010,-0.950624454
5/4/2010,-0.909274772
5/5/2010,-0.307477303
5/6/2010,0.370657764
5/7/2010,0.911444819
5/10/2010,0.890209159
5/11/2010,0.223345507
5/12/2010,-0.135787183
5/13/2010,-0.452351423
5/14/2010,-0.009771307
5/17/2010,0.317312862
5/18/2010,0.326867392
5/19/2010,0.714917389
5/20/2010,0.640593862
5/21/2010,0.64063073
5/24/2010,-0.092589727
5/25/2010,0.031999247
5/26/2010,-0.06425433
5/27/2010,0.175305337
5/28/2010,0.154852869
5/31/2010,-0.9804859
6/1/2010,-0.105465403
6/2/2010,-0.104714696
6/3/2010,-0.473161923
6/4/2010,0.140647625
6/7/2010,-0.204774377
6/8/2010,-0.34682678
6/9/2010,-0.63379495
6/10/2010,-0.151534496
6/11/2010,-0.591522144
6/14/2010,-0.404616201
6/15/2010,-0.559233777
6/16/2010,-0.789010934
6/17/2010,-0.620531255
6/18/2010,-1.141211513
6/21/2010,-0.434111043
6/22/2010,-0.643189237
6/23/2010,-0.755888651
6/24/2010,-0.640350392
6/25/2010,-0.901504062
6/28/2010,-1.067705119
6/29/2010,-0.775110793
6/30/2010,-0.52373379
7/1/2010,-0.274048202
7/2/2010,-0.732809244
7/5/2010,-1.811471965
7/6/2010,-0.594632555
7/7/2010,-0.86290568
7/8/2010,-0.864773822
7/9/2010,-1.191208197
7/12/2010,-1.362676481
7/13/2010,-0.726406606
7/14/2010,-0.788012044
7/15/2010,-0.653634648
7/16/2010,-0.771332062
7/19/2010,-0.838118349
7/20/2010,-0.785189829
7/21/2010,-0.583923271
7/22/2010,-0.789796467
7/23/2010,-0.16429308
7/26/2010,-0.651574377
7/27/2010,-0.644292458
7/28/2010,-1.185930503
7/29/2010,-1.139270264
7/30/2010,-0.886784594
8/2/2010,-1.118911071
8/3/2010,-1.238489979
8/4/2010,-1.121847276
8/5/2010,-1.027109598
8/6/2010,-0.949663138
8/9/2010,-1.668046118
8/10/2010,-0.387192576
8/11/2010,-0.403778437
8/12/2010,-0.290506541
8/13/2010,-0.512008115
8/16/2010,-0.64039228
8/17/2010,-0.875981173
8/18/2010,-0.874119624
8/19/2010,-0.531133302
8/20/2010,-0.7163814
8/23/2010,-1.078479139
8/24/2010,-0.608614815
8/25/2010,-0.721367469
8/26/2010,-0.529793089
8/27/2010,-0.891832327
8/30/2010,-1.358172385
8/31/2010,-1.015801813
9/1/2010,-0.861094551
9/2/2010,-1.04202433
9/3/2010,-1.444641493
9/6/2010,-1.905792114
9/7/2010,-0.924186929
9/8/2010,-1.083141815
9/9/2010,-1.064382569
9/10/2010,-0.955230628
9/13/2010,-1.094603529
9/14/2010,-0.730742574
9/15/2010,-0.735306189
9/16/2010,-0.788816712
9/17/2010,-0.727203257
9/20/2010,-1.300933685
9/21/2010,-0.265132877
9/22/2010,-0.745871814
9/23/2010,-0.750780339
9/24/2010,-0.492210363
9/27/2010,-1.001068775
9/28/2010,-0.401810639
9/29/2010,-0.883157495
9/30/2010,-0.461493915
10/1/2010,-1.06786956
10/4/2010,-1.154368974
10/5/2010,-0.579568939
10/6/2010,-0.894599835
10/7/2010,-0.713765846
10/8/2010,-0.106136697
10/11/2010,-0.92066613
10/12/2010,-0.58662776
10/13/2010,-0.883239911
10/14/2010,-0.5354542
10/15/2010,-0.05915855
10/18/2010,-0.590672629
10/19/2010,-0.248203118
10/20/2010,-0.383055799
10/21/2010,-0.086661121
10/22/2010,-0.408712741
10/25/2010,-0.801516485
10/26/2010,-0.691607697
10/27/2010,-0.581730495
10/28/2010,-0.99014504
10/29/2010,-0.846182802
11/1/2010,-0.908865431
11/2/2010,-1.141191466
11/3/2010,-0.339128031
11/4/2010,-0.679448504
11/5/2010,-0.334387208
11/8/2010,-0.313899589
11/9/2010,-0.351554842
11/10/2010,-0.089550431
11/11/2010,-0.491030181
11/12/2010,0.063136259
11/15/2010,-0.533670948
11/16/2010,-0.482860227
11/17/2010,-0.752499664
11/18/2010,-0.788728384
11/19/2010,-0.816925192
11/22/2010,-0.768809505
11/23/2010,-0.151842103
11/24/2010,-0.19300709
11/25/2010,-1.018133742
11/26/2010,-0.590810052
11/29/2010,-0.358828494
11/30/2010,-0.219755708
12/1/2010,-0.015007194
12/2/2010,-0.29826891
12/3/2010,-0.335224569
12/6/2010,-0.411939093
12/7/2010,-0.422062207
12/8/2010,-0.50886443
12/9/2010,-0.661094531
12/10/2010,-1.073535401
12/13/2010,-0.877725869
12/14/2010,-0.500072824
12/15/2010,-0.526079889
12/16/2010,-1.008817105
12/17/2010,-0.61322951
12/20/2010,-0.886623213
12/21/2010,-0.91860319
12/22/2010,-1.194694586
12/23/2010,-0.62658254
12/24/2010,-1.828236918
12/27/2010,-1.378734388
12/28/2010,-0.72647103
12/29/2010,-1.04498952
12/30/2010,-1.330840007
12/31/2010,-0.725719925
1/3/2011,-0.74517907
1/4/2011,-0.616500074
1/5/2011,-0.462896177
1/6/2011,-0.808269294
1/7/2011,-0.416534603
1/10/2011,-0.667733656
1/11/2011,-0.509027993
1/12/2011,-0.45195132
1/13/2011,-0.353023494
1/14/2011,-0.357378939
1/17/2011,-0.962970798
1/18/2011,-0.351821205
1/19/2011,-0.420277249
1/20/2011,-0.539274051
1/21/2011,-0.511132438
1/24/2011,-0.746964165
1/25/2011,-0.363557677
1/26/2011,-0.476870067
1/27/2011,-0.570851339
1/28/2011,-0.701793611
1/31/2011,-0.698025921
2/1/2011,-0.757702405
2/2/2011,-1.176108223
2/3/2011,-0.808436152
2/4/2011,-0.875279472
2/7/2011,-1.069617437
2/8/2011,-0.759142373
2/9/2011,-0.976993056
2/10/2011,-1.073915643
2/11/2011,-1.188139908
2/14/2011,-0.967409422
2/15/2011,-0.961480286
2/16/2011,-0.789630562
2/17/2011,-1.012407913
2/18/2011,-1.02889274
2/21/2011,-1.669307698
2/22/2011,-0.521924575
2/23/2011,-1.08796599
2/24/2011,-0.812565181
2/25/2011,-1.265026891
2/28/2011,-1.144510727
3/1/2011,-1.352522819
3/2/2011,-1.327647423
3/3/2011,-0.584756635
3/4/2011,-1.556903387
3/7/2011,-1.578917382
3/8/2011,-1.42221075
3/9/2011,-1.310573289
3/10/2011,-1.204769768
3/11/2011,-1.094385977
3/14/2011,-0.982763749
3/15/2011,-0.528038336
3/16/2011,-0.903108148
3/17/2011,-0.199373831
3/18/2011,-0.591915403
3/21/2011,-1.200076703
3/22/2011,-1.724011334
3/23/2011,-0.973200049
3/24/2011,-1.151204438
3/25/2011,-1.053127758
3/28/2011,-1.388399885
3/29/2011,-1.315544118
3/30/2011,-1.124093799
3/31/2011,-1.218485036
4/1/2011,-0.79432415
4/4/2011,-1.408865143
4/5/2011,-1.226162546
4/6/2011,-1.519821068
4/7/2011,-1.144578007
4/8/2011,-1.32507221
4/11/2011,-1.570195819
4/12/2011,-1.012194367
4/13/2011,-1.173855955
4/14/2011,-0.869484845
4/15/2011,-1.050312661
4/18/2011,-0.153476647
4/19/2011,-1.068831449
4/20/2011,-0.875849615
4/21/2011,-0.893060859
4/22/2011,-2.3291013
4/25/2011,-1.299989294
4/26/2011,-0.920087142
4/27/2011,-0.684450938
4/28/2011,-0.906048351
4/29/2011,-1.513820716
5/2/2011,-0.588600855
5/3/2011,-0.818806989
5/4/2011,-0.75693238
5/5/2011,-0.096054644
5/6/2011,0.2184216
5/9/2011,-0.310679604
5/10/2011,-0.396403292
5/11/2011,-0.591335178
5/12/2011,-0.363861242
5/13/2011,-0.306414841
5/16/2011,-0.653684658
5/17/2011,-0.335465728
5/18/2011,-0.908597939
5/19/2011,-0.954754292
5/20/2011,-0.70698363
5/23/2011,-0.555406304
5/24/2011,-0.730207835
5/25/2011,-0.495380774
5/26/2011,-0.622130385
5/27/2011,-0.549058565
5/30/2011,-1.82593575
5/31/2011,-1.015105397
6/1/2011,-0.704782034
6/2/2011,-0.814333223
6/3/2011,-0.809185168
6/6/2011,-1.339723035
6/7/2011,-1.456871745
6/8/2011,-1.087932867
6/9/2011,-0.936793047
6/10/2011,-0.986694475
6/13/2011,-1.130802242
6/14/2011,-1.333017679
6/15/2011,-0.792894493
6/16/2011,-0.098189353
6/17/2011,-0.250710739
6/20/2011,-0.742624478
6/21/2011,-0.818943333
6/22/2011,-0.736825389
6/23/2011,-0.408608904
6/24/2011,-0.59761408
6/27/2011,-0.635012585
6/28/2011,-0.665607274
6/29/2011,-0.68760705
6/30/2011,-0.941173643
7/1/2011,-0.899379557
7/4/2011,-1.476580824
7/5/2011,-1.102517571
7/6/2011,-1.098571582
7/7/2011,-0.811723845
7/8/2011,-0.607391923
7/11/2011,-0.580010091
7/12/2011,0.175610687
7/13/2011,-0.175373405
7/14/2011,-0.123279222
7/15/2011,-0.484638023
7/18/2011,-0.564829991
7/19/2011,-0.540421252
7/20/2011,-0.88083105
7/21/2011,-0.276907412
7/22/2011,-1.076274838
7/25/2011,-0.962644108
7/26/2011,-0.965414105
7/27/2011,-0.826393317
7/28/2011,-0.799010418
7/29/2011,-0.409869666
8/1/2011,-0.3736149
8/2/2011,-0.388814291
8/3/2011,-0.27584456
8/4/2011,-0.000923016
8/5/2011,0.215849263
8/8/2011,0.282940181
8/9/2011,0.398581826
8/10/2011,-0.251411858
8/11/2011,0.124481539
8/12/2011,-0.545757865
8/15/2011,-0.730426461
8/16/2011,-0.582587909
8/17/2011,-0.714310848
8/18/2011,-0.497826785
8/19/2011,-0.625816762
8/22/2011,-1.419965958
8/23/2011,-0.817371426
8/24/2011,-0.966383029
8/25/2011,-0.840506772
8/26/2011,-0.834969392
8/29/2011,-1.242431777
8/30/2011,-1.085516148
8/31/2011,-1.105404831
9/1/2011,-0.771044794
9/2/2011,-0.717884994
9/5/2011,-1.056705285
9/6/2011,0.109810546
9/7/2011,-0.488252869
9/8/2011,-0.39866539
9/9/2011,0.028877521
9/12/2011,0.38714475
9/13/2011,0.087912402
9/14/2011,0.097820829
9/15/2011,-0.122964138
9/16/2011,-0.488841173
9/19/2011,-0.522535271
9/20/2011,-0.258615645
9/21/2011,-0.070405042
9/22/2011,0.240999954
9/23/2011,0.019306969
9/26/2011,0.053412172
9/27/2011,-0.101070707
9/28/2011,-0.371570108
9/29/2011,-0.335300359
9/30/2011,-0.39095514
10/3/2011,-0.310978338
10/4/2011,0.078324966
10/5/2011,-0.172452956
10/6/2011,-0.149476613
10/7/2011,-0.295640929
10/10/2011,-0.641338585
10/11/2011,-0.675544305
10/12/2011,-0.491006457
10/13/2011,-0.584795977
10/14/2011,-0.445802407
10/17/2011,-0.58503677
10/18/2011,-0.233708758
10/19/2011,-0.410754387
10/20/2011,0.003340418
10/21/2011,-0.407507967
10/24/2011,-0.636986914
10/25/2011,-0.384059675
10/26/2011,-0.469387351
10/27/2011,-0.36287002
10/28/2011,-0.904314873
10/31/2011,-0.097711016
11/1/2011,0.240826302
11/2/2011,-0.209859864
11/3/2011,0.297338014
11/4/2011,-0.398028939
11/7/2011,-0.480854203
11/8/2011,-0.673924437
11/9/2011,-0.293387027
11/10/2011,-0.148144594
11/11/2011,-0.531055106
11/14/2011,-0.584101903
11/15/2011,-0.492105175
11/16/2011,-0.375376126
11/17/2011,-0.310380741
11/18/2011,-0.561640023
11/21/2011,-0.566298865
11/22/2011,-0.884302022
11/23/2011,-0.520216876
11/24/2011,-1.18613358
11/25/2011,-0.97661094
11/28/2011,-0.61209823
11/29/2011,-0.562175825
11/30/2011,0.652288742
12/1/2011,-0.593674297
12/2/2011,-0.914033583
12/5/2011,-0.96800127
12/6/2011,-1.339948709
12/7/2011,-1.324314196
12/8/2011,-0.641758273
12/9/2011,-0.768797623
12/12/2011,-0.757259187
12/13/2011,-0.45096594
12/14/2011,-0.657522036
12/15/2011,-0.937950628
12/16/2011,-1.315683542
12/19/2011,-1.582487354
12/20/2011,-1.436239013
12/21/2011,-0.683932399
12/22/2011,-0.938482482
12/23/2011,-1.748943913
12/27/2011,-2.558422998
12/28/2011,-1.364971425
12/29/2011,-0.926345737
12/30/2011,-1.257605256
1/3/2012,-1.170494486
1/4/2012,-1.157514851
1/5/2012,-0.759028562
1/6/2012,-0.946217505
1/9/2012,-1.029811876
1/10/2012,-1.096584314
1/11/2012,-0.884147309
1/12/2012,-0.938804334
1/13/2012,-0.359119521
1/16/2012,-1.302591851
1/17/2012,-0.910908523
1/18/2012,-0.46862645
1/19/2012,-0.919437019
1/20/2012,-0.992981644
1/23/2012,-0.964126681
1/24/2012,-0.754234468
1/25/2012,-0.595929441
1/26/2012,-1.033108494
1/27/2012,-0.535012621
1/30/2012,-1.170044361
1/31/2012,-0.900333108
2/1/2012,-0.512560736
2/2/2012,-0.558487802
2/3/2012,-0.615530356
2/6/2012,-0.786790826
2/7/2012,-0.662394516
2/8/2012,-1.014557222
2/9/2012,-0.63328526
2/10/2012,-1.144854372
2/13/2012,-1.179148671
2/14/2012,-0.943665378
2/15/2012,-0.734242378
2/16/2012,-0.672995155
2/17/2012,-1.204952691
2/20/2012,-1.295872629
2/21/2012,-0.282466399
2/22/2012,-1.224000957
2/23/2012,-1.161289951
2/24/2012,-1.420548107
2/27/2012,-1.143078023
2/28/2012,-1.188071965
2/29/2012,-0.927661976
3/1/2012,-1.154832885
3/2/2012,-1.340269893
3/5/2012,-1.055523037
3/6/2012,-1.467402489
3/7/2012,-1.434046575
3/8/2012,-1.089171168
3/9/2012,-1.159266864
3/12/2012,-1.367727364
3/13/2012,-1.199797481
3/14/2012,-1.141672986
3/15/2012,-1.345240559
3/16/2012,-1.139605828
3/19/2012,-1.568017002
3/20/2012,-1.41594704
3/21/2012,-1.417277675
3/22/2012,-1.254758707
3/23/2012,-1.173408198
3/26/2012,-1.086117771
3/27/2012,-1.51253448
3/28/2012,-1.320902302
3/29/2012,-1.32370186
3/30/2012,-1.114807737
4/2/2012,-1.619913254
4/3/2012,-0.947516816
4/4/2012,-1.166903395
4/5/2012,-1.674059126
4/6/2012,-1.683990413
4/9/2012,-1.513692386
4/10/2012,-1.076518061
4/11/2012,-1.288047394
4/12/2012,-1.429171952
4/13/2012,-1.625045644
4/16/2012,-0.968985932
4/17/2012,-1.508589921
4/18/2012,-1.107139984
4/19/2012,-1.346617921
4/20/2012,-1.487113959
4/23/2012,-1.786983256
4/24/2012,-1.850163482
4/25/2012,-1.166282288
4/26/2012,-1.636186778
4/27/2012,-1.407054386
4/30/2012,-2.308627935
5/1/2012,-1.670781182
5/2/2012,-1.270910698
5/3/2012,-1.864779127
5/4/2012,-1.887845364
5/7/2012,-1.160441723
5/8/2012,-1.48100544
5/9/2012,-1.334485849
5/10/2012,-1.656150577
5/11/2012,-1.652753217
5/14/2012,-1.631901681
5/15/2012,-1.286586827
5/16/2012,-0.980435076
5/17/2012,-1.057957663
5/18/2012,-0.93752908
5/21/2012,-1.331187498
5/22/2012,-1.148197889
5/23/2012,-0.867558268
5/24/2012,-0.78035414
5/25/2012,-1.101409522
5/28/2012,-1.511133474
5/29/2012,-1.180853571
5/30/2012,-1.020810861
5/31/2012,-0.959464395
6/1/2012,-0.316477567
6/4/2012,-1.090709133
6/5/2012,-0.949733111
6/6/2012,-0.945993615
6/7/2012,-0.760990458
6/8/2012,-1.092057416
6/11/2012,-0.882114911
6/12/2012,-0.797797117
6/13/2012,-1.024557181
6/14/2012,-1.12211389
6/15/2012,-1.387650332
6/18/2012,-0.730361863
6/19/2012,-1.1718541
6/20/2012,-0.595384768
6/21/2012,-0.827832666
6/22/2012,-1.295518335
6/25/2012,-1.690143869
6/26/2012,-1.134192385
6/27/2012,-1.748353976
6/28/2012,-1.20911663
6/29/2012,0.026351436
7/2/2012,-1.486050851
7/3/2012,-1.749509601
7/4/2012,-1.809584702
7/5/2012,-0.88365074
7/6/2012,-1.501688754
7/9/2012,-1.445591853
7/10/2012,-1.646419918
7/11/2012,-1.381907491
7/12/2012,-1.510930007
7/13/2012,-1.164908801
7/16/2012,-1.412680768
7/17/2012,-0.979729386
7/18/2012,-1.195087829
7/19/2012,-1.158427536
7/20/2012,-1.111752241
7/23/2012,-1.192568159
7/24/2012,-1.362277586
7/25/2012,-0.853823609
7/26/2012,-0.588851138
7/27/2012,-0.163926016
7/30/2012,-1.425844121
7/31/2012,-1.073460542
8/1/2012,-0.893564381
8/2/2012,0.120954117
8/3/2012,-0.737988066
8/6/2012,-1.03259384
8/7/2012,-1.735769655
8/8/2012,-1.748578023
8/9/2012,-1.387242156
8/10/2012,-1.605777795
8/13/2012,-1.668298708
8/14/2012,-1.834740157
8/15/2012,-2.003493293
8/16/2012,-1.885909401
8/17/2012,-1.63035452
8/20/2012,-1.619309568
8/21/2012,-1.295497776
8/22/2012,-1.243665872
8/23/2012,-1.510582556
8/24/2012,-1.268146851
8/27/2012,-2.144709935
8/28/2012,-1.761721493
8/29/2012,-1.876991028
8/30/2012,-1.885289128
8/31/2012,-0.764513343
9/3/2012,-2.161381998
9/4/2012,-1.630900706
9/5/2012,-1.154851455
9/6/2012,-1.044771747
9/7/2012,-1.227371187
9/10/2012,-1.917851729
9/11/2012,-1.619250355
9/12/2012,-1.055471356
9/13/2012,-0.797554378
9/14/2012,-1.276613639
9/17/2012,-1.278794845
9/18/2012,-1.337410516
9/19/2012,-1.426113834
9/20/2012,-1.205384171
9/21/2012,-0.744622153
9/24/2012,-1.266479292
9/25/2012,-1.369123959
9/26/2012,-1.507539559
9/27/2012,-1.318551297
9/28/2012,-1.354057857
10/1/2012,-1.269238287
10/2/2012,-1.532265228
10/3/2012,-1.534521323
10/4/2012,-1.352481914
10/5/2012,-1.763388035
10/8/2012,-1.883376494
10/9/2012,-1.385926511
10/10/2012,-1.482589819
10/11/2012,-1.396242568
10/12/2012,-1.480799578
10/15/2012,-1.785846732
10/16/2012,-1.764056379
10/17/2012,-1.44908403
10/18/2012,-1.695224165
10/19/2012,-1.772538665
10/22/2012,-1.84020932
10/23/2012,-1.894246424
10/24/2012,-1.47058377
10/25/2012,-1.636766023
10/26/2012,-1.515852071
10/29/2012,-1.957231278
10/30/2012,-2.060651548
10/31/2012,-1.963634298
11/1/2012,-1.922230926
11/2/2012,-1.388258382
11/5/2012,-1.742080817
11/6/2012,-1.750300884
11/7/2012,-1.098732476
11/8/2012,-1.401765925
11/9/2012,-1.660778818
11/12/2012,-1.978050261
11/13/2012,-1.632204594
11/14/2012,-1.678488786
11/15/2012,-1.82790145
11/16/2012,-1.671460857
11/19/2012,-1.829745964
11/20/2012,-1.205911117
11/21/2012,-1.558997018
11/22/2012,-1.849588772
11/23/2012,-1.687658246
11/26/2012,-1.979910377
11/27/2012,-1.577390416
11/28/2012,-1.807476008
11/29/2012,-1.843838748
11/30/2012,-1.584067553
12/3/2012,-1.878922429
12/4/2012,-2.089982094
12/5/2012,-2.262956705
12/6/2012,-1.661269886
12/7/2012,-1.506891912
12/10/2012,-2.008167363
12/11/2012,-1.934358213
12/12/2012,-2.126371972
12/13/2012,-1.716411094
12/14/2012,-1.486574859
12/17/2012,-1.84608359
12/18/2012,-2.426149597
12/19/2012,-1.910111027
12/20/2012,-1.39044932
12/21/2012,-1.341230621
12/24/2012,-2.422955972
12/27/2012,-1.495793167
12/28/2012,-1.616622224
12/31/2012,-1.122738273
1/2/2013,-0.803594228
1/3/2013,-1.126018017
1/4/2013,-1.312933994
1/7/2013,-1.528449853
1/8/2013,-1.518435653
1/9/2013,-1.867830757
1/10/2013,-1.243989424
1/11/2013,-1.151786424
1/14/2013,-1.480296908
1/15/2013,-0.984242856
1/16/2013,-1.194174107
1/17/2013,-1.352323869
1/18/2013,-1.036492158
1/21/2013,-2.034103833
1/22/2013,-0.945368661
1/23/2013,-1.241103052
1/24/2013,-1.106986874
1/25/2013,-1.183986866
1/28/2013,-1.532729719
1/29/2013,-1.698360728
1/30/2013,-1.75158464
1/31/2013,-1.888176653
2/1/2013,-1.020220484
2/4/2013,-1.371703275
2/5/2013,-0.821622215
2/6/2013,-1.252671091
2/7/2013,-0.928442416
2/8/2013,-1.305762948
2/11/2013,-1.489602608
2/12/2013,-1.239800904
2/13/2013,-1.461199748
2/14/2013,-1.312057442
2/15/2013,-1.124715419
2/18/2013,-1.888488577
2/19/2013,-1.805535187
2/20/2013,-1.019442953
2/21/2013,-1.095069976
2/22/2013,-1.350025201
2/25/2013,-0.488953964
2/26/2013,-0.455001443
2/27/2013,-0.970369867
2/28/2013,-1.291005487
3/1/2013,-1.079959122
3/4/2013,-1.469762456
3/5/2013,-1.715459987
3/6/2013,-2.03909333
3/7/2013,-1.296035818
3/8/2013,-0.732505516
3/11/2013,-1.941257157
3/12/2013,-1.76066721
3/13/2013,-1.282686101
3/14/2013,-1.501692225
3/15/2013,-1.159235268
3/18/2013,-0.692014273
3/19/2013,-0.41975005
3/20/2013,-0.984787693
3/21/2013,-1.109232441
3/22/2013,-1.230090423
3/25/2013,-0.467949459
3/26/2013,-1.246903756
3/27/2013,-1.470654817
3/28/2013,-1.409222512
3/29/2013,-2.189198673
4/1/2013,-2.100643073
4/2/2013,-1.692042737
4/3/2013,-1.94332886
4/4/2013,-0.419855882
4/5/2013,-0.663770611
4/8/2013,-1.66676626
4/9/2013,-1.227507295
4/10/2013,-1.609391074
4/11/2013,-1.795893792
4/12/2013,-1.455406407
4/15/2013,-1.354617274
4/16/2013,-0.962741317
4/17/2013,-0.91550643
4/18/2013,-1.180065361
4/19/2013,-1.30362498
4/22/2013,-1.817494226
4/23/2013,-1.051850998
4/24/2013,-1.574407698
4/25/2013,-1.520137134
4/26/2013,-1.4883502
4/29/2013,-1.931243722
4/30/2013,-1.453280516
5/1/2013,-1.32529945
5/2/2013,-0.279698144
5/3/2013,-0.226782359
5/6/2013,-1.952057122
5/7/2013,-1.926019144
5/8/2013,-1.68511646
5/9/2013,-1.412622572
5/10/2013,-0.988076464
5/13/2013,-1.390328439
5/14/2013,-1.175189306
5/15/2013,-1.204914007
5/16/2013,-1.206387674
5/17/2013,-1.47509857
5/20/2013,-1.771927062
5/21/2013,-1.422967011
5/22/2013,-0.630831771
5/23/2013,-1.116494675
5/24/2013,-1.237036494
5/27/2013,-2.818087396
5/28/2013,-1.320616733
5/29/2013,-1.087870916
5/30/2013,-1.131792534
5/31/2013,-1.167656474
6/3/2013,-0.873347219
6/4/2013,-1.509068975
6/5/2013,-1.132784155
6/6/2013,-0.511089232
6/7/2013,-0.828535214
6/10/2013,-1.700005826
6/11/2013,-1.175580925
6/12/2013,-1.526153072
6/13/2013,-1.018267848
6/14/2013,-2.015889878
6/17/2013,-1.904184982
6/18/2013,-1.294041575
6/19/2013,-1.060645367
6/20/2013,-0.680002179
6/21/2013,-1.248891657
6/24/2013,-1.103652636
6/25/2013,-1.534869695
6/26/2013,-1.416262722
6/27/2013,-1.706218953
6/28/2013,-1.537960339
7/1/2013,-1.953234398
7/2/2013,-1.675404381
7/3/2013,-1.193273953
7/4/2013,-0.910130514
7/5/2013,-1.25365739
7/8/2013,-2.192901774
7/9/2013,-1.342302812
7/10/2013,-0.238862267
7/11/2013,0.252123001
7/12/2013,-1.079912329
7/15/2013,-1.252312611
7/16/2013,-1.249062918
7/17/2013,-1.023690223
7/18/2013,-1.810451551
7/19/2013,-1.743297819
7/22/2013,-1.965849017
7/23/2013,-2.088376004
7/24/2013,-1.180863696
7/25/2013,-1.373594114
7/26/2013,-1.895285333
7/29/2013,-2.219390072
7/30/2013,-2.076989119
7/31/2013,-0.925030964
8/1/2013,-1.308216544
8/2/2013,-0.945744651
8/5/2013,-1.962936022
8/6/2013,-2.098653647
8/7/2013,-1.897416231
8/8/2013,-2.107420942
8/9/2013,-2.548462841
8/12/2013,-2.354882182
8/13/2013,-1.797129796
8/14/2013,-2.480874936
8/15/2013,-0.605303539
8/16/2013,-2.007640506
8/19/2013,-2.347121046
8/20/2013,-1.710807588
8/21/2013,-1.440194182
8/22/2013,-1.393095242
8/23/2013,-1.821142336
8/26/2013,-2.563822764
8/27/2013,-1.802670584
8/28/2013,-1.867357062
8/29/2013,-1.62267396
8/30/2013,-2.147686864
9/2/2013,-2.637505398
9/3/2013,-1.88801314
9/4/2013,-2.290007663
9/5/2013,-1.433916866
9/6/2013,-1.3019181
9/9/2013,-1.969528723
9/10/2013,-2.221255669
9/11/2013,-1.989437154
9/12/2013,-2.007653593
9/13/2013,-1.923411332
9/16/2013,-2.059474416
9/17/2013,-2.609613237
9/18/2013,-0.665322908
9/19/2013,-1.628826734
9/20/2013,-1.895408992
9/23/2013,-1.721168042
9/24/2013,-2.258827425
9/25/2013,-2.401343194
9/26/2013,-2.186956505
9/27/2013,-2.255572857
9/30/2013,-2.133989374
10/1/2013,-1.808603513
10/2/2013,-1.662128276
10/3/2013,-1.673821935
10/4/2013,-2.17072549
10/7/2013,-2.42136291
10/8/2013,-2.448173911
10/9/2013,-1.794488565
10/10/2013,-2.17918661
10/11/2013,-2.130304965
10/14/2013,-2.558289188
10/15/2013,-1.762213259
10/16/2013,-1.669950332
10/17/2013,-1.549531997
10/18/2013,-2.467095271
10/21/2013,-2.595447373
10/22/2013,-1.347419822
10/23/2013,-2.419334908
10/24/2013,-1.833840763
10/25/2013,-1.99254769
10/28/2013,-2.509943571
10/29/2013,-1.807352594
10/30/2013,-2.001577296
10/31/2013,-1.579200511
11/1/2013,-1.811796729
11/4/2013,-1.75569615
11/5/2013,-2.031313309
11/6/2013,-1.789407497
11/7/2013,0.338216174
11/8/2013,-1.079050427
11/11/2013,-2.45857626
11/12/2013,-1.484409341
11/13/2013,-1.457428327
11/14/2013,-1.655430062
11/15/2013,-2.123584792
11/18/2013,-2.240989421
11/19/2013,-1.714253294
11/20/2013,-0.676235395
11/21/2013,-1.21125145
11/22/2013,-2.163638226
11/25/2013,-2.162983253
11/26/2013,-1.806411313
11/27/2013,-1.978074932
11/28/2013,-2.313336417
11/29/2013,-2.227888207
12/2/2013,-1.781819912
12/3/2013,-2.331815592
12/4/2013,-2.002807356
12/5/2013,-1.112845866
12/6/2013,-1.570696244
12/9/2013,-2.719244129
12/10/2013,-2.250056002
12/11/2013,-1.93204226
12/12/2013,-1.820554929
12/13/2013,-2.177063463
12/16/2013,-2.181510006
12/17/2013,-2.162047746
12/18/2013,-0.745816246
12/19/2013,-1.799379521
12/20/2013,-1.931211585
12/23/2013,-2.70295804
12/24/2013,-2.91464959
12/27/2013,-0.993882913
12/30/2013,-1.956323743
12/31/2013,-1.750179909
1/2/2014,-1.266183496
1/3/2014,-1.874602514
1/6/2014,-1.927716886
1/7/2014,-1.927971736
1/8/2014,-1.773647234
1/9/2014,-1.485566778
1/10/2014,-0.663857986
1/13/2014,-2.286040244
1/14/2014,-2.335478622
1/15/2014,-1.916193786
1/16/2014,-1.80809802
1/17/2014,-2.157462149
1/20/2014,-2.504416624
1/21/2014,-2.221640088
1/22/2014,-2.226884327
1/23/2014,-1.529760847
1/24/2014,-1.434368603
1/27/2014,-2.038530655
1/28/2014,-2.223966009
1/29/2014,-1.464543081
1/30/2014,-1.750325847
1/31/2014,-1.641416753
2/3/2014,-1.856479322
2/4/2014,-2.018426346
2/5/2014,-1.99037388
2/6/2014,-1.088088761
2/7/2014,-1.634556938
2/10/2014,-2.799648889
2/11/2014,-1.957291127
2/12/2014,-1.891116027
2/13/2014,-1.725270758
2/14/2014,-2.43386045
2/17/2014,-2.467270878
2/18/2014,-2.367957724
2/19/2014,-2.793618191
2/20/2014,-2.250791095
2/21/2014,-2.435891073
2/24/2014,-2.53622568
2/25/2014,-2.435365304
2/26/2014,-2.380304417
2/27/2014,-2.117018093
2/28/2014,-1.062008841
3/3/2014,-1.907465302
3/4/2014,-2.049985897
3/5/2014,-1.96822608
3/6/2014,-1.735321279
3/7/2014,-2.032731435
3/10/2014,-2.70558859
3/11/2014,-2.645195524
3/12/2014,-2.506254864
3/13/2014,-1.333171311
3/14/2014,-1.998388999
3/17/2014,-2.315173865
3/18/2014,-1.877358895
3/19/2014,-1.678857115
3/20/2014,-1.980335714
3/21/2014,-2.195187369
3/24/2014,-1.38506489
3/25/2014,-1.772685745
3/26/2014,-2.000389928
3/27/2014,-1.921495759
3/28/2014,-1.961569198
3/31/2014,-1.879535932
4/1/2014,-2.618525953
4/2/2014,-2.61875626
4/3/2014,-1.450635352
4/4/2014,-1.758998894
4/7/2014,-3.051393183
4/8/2014,-2.509643584
4/9/2014,-1.974175061
4/10/2014,-2.700476885
4/11/2014,-2.955694573
4/14/2014,-2.45804288
4/15/2014,-2.515341092
4/16/2014,-2.436477546
4/17/2014,-2.881659331
4/18/2014,-4.309406388
4/21/2014,-3.679032883
4/22/2014,-2.92648278
4/23/2014,-2.223798885
4/24/2014,-2.458694409
4/25/2014,-3.251385898
4/28/2014,-2.671581721
4/29/2014,-2.361580153
4/30/2014,-2.116546024
5/1/2014,-3.567327554
5/2/2014,-1.971975666
5/5/2014,-3.516248171
5/6/2014,-2.621886656
5/7/2014,-2.841499493
5/8/2014,-0.987813236
5/9/2014,-2.423798987
5/12/2014,-3.162678244
5/13/2014,-2.072982393
5/14/2014,-2.616724117
5/15/2014,-2.003216703
5/16/2014,-2.599685599
5/19/2014,-3.076482996
5/20/2014,-3.005904127
5/21/2014,-2.326806361
5/22/2014,-2.624835013
5/23/2014,-3.150457124
5/26/2014,-3.428232754
5/27/2014,-2.996468051
5/28/2014,-2.662768887
5/29/2014,-2.866790912
5/30/2014,-2.766727539
6/3/2014,-2.534957972
6/4/2014,-2.695684299
6/5/2014,-0.710268189
6/6/2014,-1.900917837
6/9/2014,-2.879175214
6/10/2014,-2.580724063
6/11/2014,-2.745659751
6/12/2014,-2.361853563
6/13/2014,-2.733024439
6/16/2014,-2.40170959
6/17/2014,-2.750770702
6/18/2014,-2.379250758
6/19/2014,-2.570466256
6/20/2014,-2.885732485
6/23/2014,-2.872294651
6/24/2014,-2.8770503
6/25/2014,-2.781550947
6/26/2014,-2.265968159
6/27/2014,-3.250789722
6/30/2014,-2.761922735
7/1/2014,-3.216169198
7/2/2014,-3.208930584
7/3/2014,-2.390113937
7/4/2014,-4.024685587
7/7/2014,-3.418622197
7/8/2014,-3.611623117
7/9/2014,-2.948342118
7/10/2014,-2.951712124
7/11/2014,-3.321240616
7/14/2014,-3.205853796
7/15/2014,-2.411703802
7/16/2014,-3.09601134
7/17/2014,-3.209953421
7/18/2014,-2.522242025
7/21/2014,-3.352201706
7/22/2014,-2.54435592
7/23/2014,-3.210562708
7/24/2014,-2.806792803
7/25/2014,-3.007888851
7/28/2014,-3.96102009
7/29/2014,-3.593356879
7/30/2014,-2.160401829
7/31/2014,-2.887662361
8/1/2014,-2.207435041
8/4/2014,-3.747697027
8/5/2014,-3.156586031
8/6/2014,-2.532919649
8/7/2014,-2.396606121
8/8/2014,-2.432637925
8/11/2014,-3.461746171
8/12/2014,-3.094834082
8/13/2014,-2.145548513
8/14/2014,-2.461398688
8/15/2014,-2.294785618
8/18/2014,-3.271770482
8/19/2014,-2.386423909
8/20/2014,-2.528504534
8/21/2014,-2.728242158
8/22/2014,-2.280744587
8/25/2014,-2.796219285
8/26/2014,-2.477811919
8/27/2014,-2.374178484
8/28/2014,-2.221671349
8/29/2014,-2.465746743
9/1/2014,-3.497791579
9/2/2014,-3.051140503
9/3/2014,-2.184366006
9/4/2014,-0.184240569
9/5/2014,-1.935791781
9/8/2014,-2.206832207
9/9/2014,-1.638352833
9/10/2014,-1.582669774
9/11/2014,-1.944727383
9/12/2014,-2.012935586
9/15/2014,-2.2403993
9/16/2014,-1.897564803
9/17/2014,-0.863962702
9/18/2014,-1.520388524
9/19/2014,-1.703997632
9/22/2014,-2.117681279
9/23/2014,-2.18883915
9/24/2014,-2.042188709
9/25/2014,-1.518042896
9/26/2014,-2.261780252
9/29/2014,-2.018858764
9/30/2014,-1.398842295
10/1/2014,-1.473649347
10/2/2014,-0.967008055
10/3/2014,-0.887908026
10/6/2014,-1.549214885
10/7/2014,-1.241182176
10/8/2014,-0.629165301
10/9/2014,-0.924768516
10/10/2014,-1.555550353
10/13/2014,-1.279534635
10/14/2014,-1.499224306
10/15/2014,-0.168779732
10/16/2014,-0.273847537
10/17/2014,-1.095842088
10/20/2014,-1.636833985
10/21/2014,-1.216434608
10/22/2014,-1.313431494
10/23/2014,-1.383671949
10/24/2014,-2.008333333
10/27/2014,-2.040808789
10/28/2014,-1.649268889
10/29/2014,-1.170294073
10/30/2014,-1.528691659
10/31/2014,-0.747410346
11/3/2014,-1.283696655
11/4/2014,-1.844097593
11/5/2014,-1.500089988
11/6/2014,-0.503763557
11/7/2014,-0.962620477
11/10/2014,-1.65998434
11/11/2014,-1.664025674
11/12/2014,-1.193084979
11/13/2014,-1.82872595
11/14/2014,-0.881298772
11/17/2014,-1.384055814
11/18/2014,-1.813673745
11/19/2014,-1.541685112
11/20/2014,-1.020280891
11/21/2014,-1.184215313
11/24/2014,-1.627435872
11/25/2014,-1.701020578
11/26/2014,-1.399778992
11/27/2014,-1.981216031
11/28/2014,-1.691862105
12/1/2014,-1.417756492
12/2/2014,-2.017187193
12/3/2014,-1.648455477
12/4/2014,-0.387531456
12/5/2014,-0.773018676
12/8/2014,-1.690472199
12/9/2014,-1.093222812
12/10/2014,-1.476761099
12/11/2014,-0.763583482
12/12/2014,-1.243615886
12/15/2014,-1.304347593
12/16/2014,-0.813077413
12/17/2014,-0.472193577
12/18/2014,-1.033274753
12/19/2014,-1.575370456
12/22/2014,-2.015655527
12/23/2014,-2.059682259
12/24/2014,-2.455770587
12/26/2014,-2.756670914
12/29/2014,-1.731123393
12/30/2014,-1.741784206
12/31/2014,-2.160739424
1/2/2015,-1.474127231
1/5/2015,-0.833562225
1/6/2015,-1.092216526
1/7/2015,-0.977396286
1/8/2015,-1.349485874
1/9/2015,-1.177536591
1/12/2015,-1.379769844
1/13/2015,-1.232335136
1/14/2015,-0.717922787
1/15/2015,0.826788624
1/16/2015,-0.440912571
1/19/2015,-1.06595347
1/20/2015,-1.241369675
1/21/2015,-0.061672982
1/22/2015,0.463830366
1/23/2015,0.631263491
1/26/2015,-0.196382251
1/27/2015,-0.121703254
1/28/2015,-0.558651764
1/29/2015,-0.84411892
1/30/2015,-0.638525145
2/2/2015,-0.998655116
2/3/2015,-0.669439254
2/4/2015,-0.730920081
2/5/2015,-0.427970787
2/6/2015,0.021305029
2/9/2015,-1.190308546
2/10/2015,-0.815989599
2/11/2015,-1.131238579
2/12/2015,-0.745823146
2/13/2015,-1.308049859
2/16/2015,-1.352688597
2/17/2015,-1.09362704
2/18/2015,-0.755629855
2/19/2015,-1.190855079
2/20/2015,-0.446453532
2/23/2015,-1.257296574
2/24/2015,-1.237686299
2/25/2015,-1.653814473
2/26/2015,-1.267836592
2/27/2015,-1.034066711
3/2/2015,-1.87143172
3/3/2015,-1.681647584
3/4/2015,-1.188489606
3/5/2015,-0.819491184
3/6/2015,0.044668967
3/9/2015,-1.347192306
3/10/2015,-0.354754772
3/11/2015,-0.158999475
3/12/2015,0.293456394
3/13/2015,-0.250967286
3/16/2015,-0.581138465
3/17/2015,-0.918048808
3/18/2015,1.762897615
3/19/2015,0.504929138
3/20/2015,-0.090769037
3/23/2015,0.144275032
3/24/2015,0.118923928
3/25/2015,-0.691243747
3/26/2015,-0.502014671
3/27/2015,-0.309916571
3/30/2015,-0.631687083
3/31/2015,-0.731818856
4/1/2015,-0.577511895
4/2/2015,-0.538936474
4/3/2015,0.316841521
4/6/2015,-0.871565342
4/7/2015,-0.639142439
4/8/2015,-0.456287925
4/9/2015,-0.862986827
4/10/2015,-0.713779329
4/13/2015,-0.696305115
4/14/2015,-0.116126684
4/15/2015,-0.213911336
4/16/2015,0.106305984
4/17/2015,-0.258560476
4/20/2015,-0.790451853
4/21/2015,-0.690223579
4/22/2015,-0.683477184
4/23/2015,-0.331821493
4/24/2015,-0.309074809
4/27/2015,-0.800178725
4/28/2015,-0.74111545
4/29/2015,0.102690413
4/30/2015,0.41554856
5/1/2015,-0.31034205
5/4/2015,-0.989776561
5/5/2015,-0.135778971
5/6/2015,-0.269323998
5/7/2015,-0.361487196
5/8/2015,0.412143559
5/11/2015,-0.680427183
5/12/2015,-0.757090278
5/13/2015,-0.299325607
5/14/2015,-0.562848478
5/15/2015,-0.491396277
5/18/2015,-0.763914399
5/19/2015,0.105019672
5/20/2015,-0.18768775
5/21/2015,-0.5061763
5/22/2015,-0.148127613
5/25/2015,-1.442507582
5/26/2015,-0.613921778
5/27/2015,-0.337819447
5/28/2015,-0.452874898
5/29/2015,-0.711359788
6/1/2015,-0.513216999
6/2/2015,-0.105650372
6/3/2015,0.192776997
6/4/2015,-0.185718211
6/5/2015,0.406929224
6/8/2015,-0.226266411
6/9/2015,-0.337997203
6/10/2015,-0.087450116
6/11/2015,-0.568627164
6/12/2015,-0.28372288
6/15/2015,-0.636953726
6/16/2015,-0.940767383
6/17/2015,-0.852006698
6/18/2015,-0.272082615
6/19/2015,-0.962475271
6/22/2015,-0.711471291
6/23/2015,-0.751030413
6/24/2015,-0.897874034
6/25/2015,-1.020075822
6/26/2015,-0.949754198
6/29/2015,0.60223191
6/30/2015,-0.337229717
7/1/2015,-0.603287122
7/2/2015,-0.37038547
7/3/2015,-1.358710878
7/6/2015,-0.342630858
7/7/2015,-0.516282164
7/8/2015,-0.503918502
7/9/2015,-0.696257709
7/10/2015,-0.271544734
7/13/2015,-0.064353696
7/14/2015,-0.95015377
7/15/2015,-0.895003105
7/16/2015,-0.661370116
7/17/2015,-1.422122667
7/20/2015,-1.499219395
7/21/2015,-1.022416924
7/22/2015,-1.047705993
7/23/2015,-0.716638663
7/24/2015,-0.896937243
7/27/2015,-0.796497918
7/28/2015,-1.500746118
7/29/2015,-0.887235833
7/30/2015,-1.156739663
7/31/2015,0.045542013
8/3/2015,-1.425431699
8/4/2015,-1.319122573
8/5/2015,-1.0135688
8/6/2015,-1.498080649
8/7/2015,-0.21427382
8/10/2015,-1.120662183
8/11/2015,-0.660625694
8/12/2015,-0.731629611
8/13/2015,-0.810225503
8/14/2015,-1.235634632
8/17/2015,-1.224144958
8/18/2015,-1.604080757
8/19/2015,-0.845123022
8/20/2015,-0.925855703
8/21/2015,-0.89004552
8/24/2015,0.879319466
8/25/2015,0.256048691
8/26/2015,0.088474917
8/27/2015,-0.430665089
8/28/2015,-0.571540546
8/31/2015,-0.840080257
9/1/2015,-0.370695918
9/2/2015,-0.851586011
9/3/2015,-0.456058511
9/4/2015,-0.459501031
9/7/2015,-1.502096049
9/8/2015,-1.186091891
9/9/2015,-1.278258555
9/10/2015,-0.801550776
9/11/2015,-0.996174905
9/14/2015,-1.435065024
9/15/2015,-1.500035431
9/16/2015,-1.145122174
9/17/2015,-0.287073726
9/18/2015,-0.780338004
9/21/2015,-1.18952719
9/22/2015,-1.234081316
9/23/2015,-0.557069748
9/24/2015,-0.888773798
9/25/2015,-0.679737892
9/28/2015,-1.083940128
9/29/2015,-0.881556233
9/30/2015,-1.218244705
10/1/2015,-1.535153185
10/2/2015,0.369252549
10/5/2015,-1.087684698
10/6/2015,-1.410197894
10/7/2015,-1.293490293
10/8/2015,-1.033541915
10/9/2015,-1.136168878
10/12/2015,-1.99126037
10/13/2015,-1.48937757
10/14/2015,-1.276846735
10/15/2015,-0.731674704
10/16/2015,-1.090038448
10/19/2015,-1.628304086
10/20/2015,-1.874154749
10/21/2015,-1.76715929
10/22/2015,-0.356757352
10/23/2015,-0.480559283
10/26/2015,-1.546172342
10/27/2015,-1.414190289
10/28/2015,0.021463348
10/29/2015,-0.946489032
10/30/2015,-0.921160658
11/2/2015,-1.422125459
11/3/2015,-1.405568381
11/4/2015,-1.121769265
11/5/2015,-1.276970178
11/6/2015,0.189683859
11/9/2015,-1.226147461
11/10/2015,-1.194238938
11/11/2015,-1.329484131
11/12/2015,-0.338346232
11/13/2015,-0.838700015
11/16/2015,-1.13059262
11/17/2015,-1.37995035
11/18/2015,-1.486762386
11/19/2015,-0.985220376
11/20/2015,-1.335856574
11/23/2015,-1.346182342
11/24/2015,-1.408882688
11/25/2015,-1.102558607
11/26/2015,-2.434105417
11/27/2015,-1.860103849
11/30/2015,-1.834558873
12/1/2015,-1.636843393
12/2/2015,-1.197477281
12/3/2015,1.276498403
12/4/2015,-0.089331193
12/7/2015,-1.431833336
12/8/2015,-1.444384967
12/9/2015,-1.123526184
12/10/2015,-1.225364852
12/11/2015,-0.786895256
12/14/2015,-1.232899666
12/15/2015,-1.228966948
12/16/2015,-0.133826324
12/17/2015,-0.842730424
12/18/2015,-0.96786786
12/21/2015,-1.477391202
12/22/2015,-1.711283967
12/23/2015,-1.47203284
12/24/2015,-1.707259807
12/28/2015,-1.8874232
12/29/2015,-1.497335603
12/30/2015,-1.777926416
12/31/2015,-1.308814021
1/4/2016,-0.726931675
1/5/2016,-1.290558356
1/6/2016,-0.895981419
1/7/2016,-0.56014894
1/8/2016,-0.199731082
1/11/2016,-0.596360179
1/12/2016,-1.137583743
1/13/2016,-1.027592381
1/14/2016,-0.691323201
1/15/2016,-0.50852598
1/18/2016,-1.668560897
1/19/2016,-1.184474878
1/20/2016,-0.931065982
1/21/2016,0.031082725
1/22/2016,-1.081679803
1/25/2016,-1.834827727
1/26/2016,-1.557743282
1/27/2016,-1.097003093
1/28/2016,-1.3606377
1/29/2016,-0.685605519
2/1/2016,-1.616321862
2/2/2016,-1.670995469
2/3/2016,-0.373504186
2/4/2016,-0.400330414
2/5/2016,-0.5954299
2/8/2016,-0.709448549
2/9/2016,-0.407303814
2/10/2016,-0.61355316
2/11/2016,-0.247173562
2/12/2016,-0.786015104
2/15/2016,-1.389632657
2/16/2016,-1.428903482
2/17/2016,-1.22939712
2/18/2016,-1.170724986
2/19/2016,-1.182100541
2/22/2016,-1.413789611
2/23/2016,-1.299295597
2/24/2016,-1.077558292
2/25/2016,-1.29810161
2/26/2016,-1.04408968
2/29/2016,-1.415148451
3/1/2016,-1.067529338
3/2/2016,-1.595305971
3/3/2016,-1.25012105
3/4/2016,-0.174008512
3/7/2016,-1.647940054
3/8/2016,-1.350152074
3/9/2016,-1.44283202
3/10/2016,1.210894515
3/11/2016,-0.69582309
3/14/2016,-1.383726134
3/15/2016,-1.562840963
3/16/2016,-0.421787189
3/17/2016,-0.825131247
3/18/2016,-1.527111777
3/21/2016,-1.669180216
3/22/2016,-1.08563643
3/23/2016,-1.769538586
3/24/2016,-1.531233097
3/25/2016,-2.96090571
3/28/2016,-2.306391023
3/29/2016,-0.665439812
3/30/2016,-1.323564248
3/31/2016,-1.426659036
4/1/2016,-0.840313873
4/4/2016,-1.808618652
4/5/2016,-1.378048063
4/6/2016,-1.129736869
4/7/2016,-0.839798911
4/8/2016,-1.506048021
4/11/2016,-1.599422083
4/12/2016,-1.195912435
4/13/2016,-1.339306894
4/14/2016,-1.471635491
4/15/2016,-1.588990299
4/18/2016,-1.651824251
4/19/2016,-1.831159499
4/20/2016,-1.625972676
4/21/2016,-0.563452062
4/22/2016,-1.570485078
4/25/2016,-1.767598132
4/26/2016,-1.588382097
4/27/2016,-1.379802292
4/28/2016,-1.15460482
4/29/2016,-1.142593068
5/2/2016,-1.349708592
5/3/2016,-1.226616886
5/4/2016,-0.876619139
5/5/2016,-1.592769357
5/6/2016,-1.248510976
5/9/2016,-1.606244978
5/10/2016,-1.59694351
5/11/2016,-2.169249878
5/12/2016,-2.069821733
5/13/2016,-1.38273539
5/16/2016,-2.060250165
5/17/2016,-2.185038519
5/18/2016,-1.170588633
5/19/2016,-1.631192915
5/20/2016,-2.224617586
5/23/2016,-2.059196206
5/24/2016,-1.827771053
5/25/2016,-2.219307907
5/26/2016,-1.918432023
5/27/2016,-1.92724707
5/30/2016,-2.79350366
5/31/2016,-1.650280486
6/1/2016,-1.409905021
6/2/2016,-1.075292132
6/3/2016,0.116357019
6/6/2016,-1.616104392
6/7/2016,-1.977596408
6/8/2016,-2.142815003
6/9/2016,-1.423872132
6/10/2016,-1.624294722
6/13/2016,-1.704087262
6/14/2016,-1.648873286
6/15/2016,-1.225438508
6/16/2016,-0.438510063
6/17/2016,-0.99883969
6/20/2016,-1.366300845
6/21/2016,-1.196502524
6/22/2016,-1.301675294
6/23/2016,-0.374334407
6/24/2016,1.933044599
6/27/2016,-0.172265737
6/28/2016,-0.816624711
6/29/2016,-0.736718673
6/30/2016,-0.08773229
7/1/2016,-0.964591765
7/4/2016,-1.877215272
7/5/2016,-1.046241299
7/6/2016,-0.947205074
7/7/2016,-1.242779749
7/8/2016,-0.29401585
7/11/2016,-1.899281981
7/12/2016,-1.386734224
7/13/2016,-1.772147426
7/14/2016,-1.075910418
7/15/2016,-1.31922048
7/18/2016,-1.97805413
7/19/2016,-1.892313067
7/20/2016,-1.48829088
7/21/2016,-1.267023584
7/22/2016,-1.559369009
7/25/2016,-2.310063637
7/26/2016,-2.214050057
7/27/2016,-1.286253537
7/28/2016,-1.725349486
7/29/2016,-1.468366287
8/1/2016,-2.336767563
8/2/2016,-2.251632434
8/3/2016,-2.241196327
8/4/2016,-2.210291999
8/5/2016,-1.023401153
8/8/2016,-2.539260367
8/9/2016,-2.416676867
8/10/2016,-2.018623419
8/11/2016,-2.176096157
8/12/2016,-1.442398619
8/15/2016,-2.577462881
8/16/2016,-1.218705186
8/17/2016,-1.516432696
8/18/2016,-1.474708198
8/19/2016,-1.866465881
8/22/2016,-2.095034085
8/23/2016,-2.234218088
8/24/2016,-1.971730979
8/25/2016,-2.576810648
8/26/2016,-0.918691632
8/29/2016,-2.231099495
8/30/2016,-2.200698776
8/31/2016,-1.984726468
9/1/2016,-1.544551327
9/2/2016,-0.450625719
9/5/2016,-2.526863316
9/6/2016,-1.112538002
9/7/2016,-1.998250192
9/8/2016,-1.279544178
9/9/2016,-1.538096517
9/12/2016,-1.567281181
9/13/2016,-1.635746855
9/14/2016,-1.799931692
9/15/2016,-1.826094499
9/16/2016,-1.787578023
9/19/2016,-2.475875623
9/20/2016,-2.166099671
9/21/2016,-1.164400751
9/22/2016,-1.92548636
9/23/2016,-2.042270965
9/26/2016,-2.213978076
9/27/2016,-2.157325525
9/28/2016,-2.146916207
9/29/2016,-1.928063173
9/30/2016,-1.274663579
10/3/2016,-2.479760731
10/4/2016,-1.008945694
10/5/2016,-1.900078037
10/6/2016,-1.912633178
10/7/2016,-1.076428439
10/10/2016,-2.460977928
10/11/2016,-1.746964034
10/12/2016,-1.363358635
10/13/2016,-1.376484007
10/14/2016,-1.626092286
10/17/2016,-2.298341705
10/18/2016,-1.914470689
10/19/2016,-1.951696109
10/20/2016,-0.68951489
10/21/2016,-2.065906412
10/24/2016,-2.35907053
10/25/2016,-2.077138887
10/26/2016,-1.915003374
10/27/2016,-1.777086126
10/28/2016,-1.476456339
10/31/2016,-1.9763622
11/1/2016,-2.209407838
11/2/2016,-1.594304248
11/3/2016,-1.582769348
11/4/2016,-1.933638943
11/7/2016,-1.899688652
11/8/2016,-2.197714656
11/9/2016,1.067252044
11/10/2016,-0.859085398
11/11/2016,-1.050961388
11/14/2016,-0.728136207
11/15/2016,-1.083223806
11/16/2016,-0.985935216
11/17/2016,-0.88369623
11/18/2016,-0.776475569
11/21/2016,-1.089722381
11/22/2016,-1.307350478
11/23/2016,-1.121640098
11/24/2016,-1.257407828
11/25/2016,-1.159401655
11/28/2016,-1.00102467
11/29/2016,-1.089358605
11/30/2016,-0.56706273
12/1/2016,-0.970426793
12/2/2016,-1.273343289
12/5/2016,0.111174257
12/6/2016,-1.206384548
12/7/2016,-1.744127251
12/8/2016,0.028721368
12/9/2016,-1.289679078
12/12/2016,-1.232637889
12/13/2016,-1.272815756
12/14/2016,-0.383921563
12/15/2016,-0.154596253
12/16/2016,-0.749937736
12/19/2016,-1.144910719
12/20/2016,-1.442370864
12/21/2016,-1.44724516
12/22/2016,-1.294876753
12/23/2016,-2.092516549
12/27/2016,-2.455776905
12/28/2016,-1.784043349
12/29/2016,-1.356701833
12/30/2016,0.202667531
1/3/2017,-0.64731456
1/4/2017,-0.960062889
1/5/2017,-0.353900549
1/6/2017,-0.877282557
1/9/2017,-1.125596873
1/10/2017,-1.108695041
1/11/2017,-0.110264632
1/12/2017,-0.741665025
1/13/2017,-0.832083458
1/16/2017,-1.414803988
1/17/2017,-0.86745774
1/18/2017,-1.353108965
1/19/2017,-0.714525915
1/20/2017,-1.161851161
1/23/2017,-1.191814506
1/24/2017,-1.70189599
1/25/2017,-1.434750391
1/26/2017,-1.368888882
1/27/2017,-1.423887226
1/30/2017,-1.316045565
1/31/2017,-0.941953655
2/1/2017,-1.034717634
2/2/2017,-1.487328095
2/3/2017,-1.040516886
2/6/2017,-1.704339092
2/7/2017,-1.614066887
2/8/2017,-1.568174638
2/9/2017,-1.56296534
2/10/2017,-1.799053531
2/13/2017,-2.097452681
2/14/2017,-1.429089401
2/15/2017,-1.324973392
2/16/2017,-1.483774187
2/17/2017,-1.969855997
2/20/2017,-2.24690302
2/21/2017,-1.673461378
2/22/2017,-0.792752211
2/23/2017,-1.567010848
2/24/2017,-1.442231115
2/27/2017,-1.81281861
2/28/2017,-1.46436312
3/1/2017,-1.254842296
3/2/2017,-1.994067691
3/3/2017,-1.37707986
3/6/2017,-1.687318689
3/7/2017,-2.35104969
3/8/2017,-2.08753179
3/9/2017,-1.139893914
3/10/2017,-1.209098866
3/13/2017,-2.008031794
3/14/2017,-2.255797794
3/15/2017,-0.832386088
3/16/2017,-1.541256001
3/17/2017,-1.680808508
3/20/2017,-2.233715934
3/21/2017,-1.577345321
3/22/2017,-1.874591148
3/23/2017,-2.06302648
3/24/2017,-2.014235869
3/27/2017,-2.011206577
3/28/2017,-1.925255244
3/29/2017,-1.402678994
3/30/2017,-1.692902652
3/31/2017,-1.872484457
4/3/2017,-2.17113745
4/4/2017,-2.334224727
4/5/2017,-1.806947933
4/6/2017,-1.571312393
4/7/2017,-1.548930435
4/10/2017,-2.454840821
4/11/2017,-2.303900638
4/12/2017,-1.616346968
4/13/2017,-2.096506908
4/14/2017,-2.791766122
4/17/2017,-2.197025649
4/18/2017,-1.69736278
4/19/2017,-2.282740779
4/20/2017,-1.730630567
4/21/2017,-1.755914148
4/24/2017,-0.798144919
4/25/2017,-1.727485894
4/26/2017,-1.412227979
4/27/2017,-1.011511534
4/28/2017,-1.368292414
5/1/2017,-2.543172296
5/2/2017,-2.187426015
5/3/2017,-2.282215369
5/4/2017,-1.6082002
5/5/2017,-1.873888565
5/8/2017,-1.444866897
5/9/2017,-1.716247144
5/10/2017,-1.92956137
5/11/2017,-2.138349076
5/12/2017,-1.919151767
5/15/2017,-2.274620688
5/16/2017,-1.734202709
5/17/2017,-1.637810254
5/18/2017,-1.305265088
5/19/2017,-1.920914456
5/22/2017,-1.325955692
5/23/2017,-1.190767082
5/24/2017,-1.279545089
5/25/2017,-1.920143506
5/26/2017,-1.766548253
5/29/2017,-2.642944299
5/30/2017,-1.105591096
5/31/2017,-1.598273896
6/1/2017,-2.020905231
6/2/2017,-1.216082562
6/5/2017,-2.272259372
6/6/2017,-2.166885798
6/7/2017,-1.077432634
6/8/2017,-1.539972349
6/9/2017,-1.51618197
6/12/2017,-2.367655022
6/13/2017,-2.338463944
6/14/2017,-0.753443506
6/15/2017,-1.727702098
6/16/2017,-2.301651001
6/19/2017,-2.449820395
6/20/2017,-2.285754902
6/21/2017,-2.566700597
6/22/2017,-2.558416518
6/23/2017,-2.506851721
6/26/2017,-1.816815416
6/27/2017,-1.180512039
6/28/2017,-0.151228578
6/29/2017,-1.50743606
6/30/2017,-1.797323331
7/3/2017,-2.20542751
7/4/2017,-2.381712066
7/5/2017,-2.04438126
7/6/2017,-1.98379246
7/7/2017,-1.563417063
7/10/2017,-2.600445227
7/11/2017,-2.038707096
7/12/2017,-1.41684588
7/13/2017,-1.661760741
7/14/2017,-1.62044878
7/17/2017,-2.452152085
7/18/2017,-1.445987147
7/19/2017,-2.31935617
7/20/2017,-1.156972349
7/21/2017,-1.762388338
7/24/2017,-2.220261351
7/25/2017,-1.521277837
7/26/2017,-0.915138507
7/27/2017,-1.263833292
7/28/2017,-1.522700663
7/31/2017,-1.434249866
8/1/2017,-1.60077659
8/2/2017,-1.372449011
8/3/2017,-1.565393711
8/4/2017,-0.880792377
8/7/2017,-2.044883966
8/8/2017,-1.699400971
8/9/2017,-1.129163958
8/10/2017,-1.369622324
8/11/2017,-1.135834823
8/14/2017,-1.869670675
8/15/2017,-1.299545235
8/16/2017,-0.986234652
8/17/2017,-1.123532276
8/18/2017,-1.329377927
8/21/2017,-2.098649961
8/22/2017,-1.922831061
8/23/2017,-1.930661929
8/24/2017,-2.514937561
8/25/2017,-0.771012086
8/28/2017,-2.252355015
8/29/2017,-0.981592973
8/30/2017,-1.405189431
8/31/2017,-1.248568839
9/1/2017,-0.487293492
9/4/2017,-1.8897393
9/5/2017,-1.349897731
9/6/2017,-1.823397703
9/7/2017,-0.690383481
9/8/2017,-0.992080031
9/11/2017,-1.938147547
9/12/2017,-1.932628999
9/13/2017,-1.685080778
9/14/2017,-1.031774522
9/15/2017,-1.396265404
9/18/2017,-1.79019549
9/19/2017,-1.568158765
9/20/2017,-0.433797336
9/21/2017,-1.602113744
9/22/2017,-1.753122587
9/25/2017,-1.752833008
9/26/2017,-1.260660939
9/27/2017,-1.679378679
9/28/2017,-1.770466218
9/29/2017,-1.728172996
10/2/2017,-1.889997564
10/3/2017,-2.070634474
10/4/2017,-1.854052348
10/5/2017,-2.318869829
10/6/2017,-1.49514383
10/9/2017,-2.522599712
10/10/2017,-1.969752014
10/11/2017,-1.872057803
10/12/2017,-2.303172108
10/13/2017,-1.070952702
10/16/2017,-2.162212033
10/17/2017,-2.353879944
10/18/2017,-2.201844396
10/19/2017,-1.601091286
10/20/2017,-1.801830631
10/23/2017,-2.128249457
10/24/2017,-2.203643057
10/25/2017,-1.942549497
10/26/2017,-0.813642751
10/27/2017,-1.349441207
10/30/2017,-2.006232244
10/31/2017,-1.936547305
11/1/2017,-1.870253749
11/2/2017,-1.582231643
11/3/2017,-1.661039635
11/6/2017,-2.104239408
11/7/2017,-1.983489742
11/8/2017,-2.250505308
11/9/2017,-1.982128917
11/10/2017,-2.224100373
11/13/2017,-2.619688608
11/14/2017,-1.880120037
11/15/2017,-1.546126953
11/16/2017,-1.801587645
11/17/2017,-1.837420766
11/20/2017,-1.317550003
11/21/2017,-1.877684153
11/22/2017,-1.838920776
11/23/2017,-2.216154989
11/24/2017,-2.01072855
11/27/2017,-1.95984017
11/28/2017,-1.600104896
11/29/2017,-1.7491118
11/30/2017,-1.413912776
12/1/2017,-1.147540483
12/4/2017,-1.96376673
12/5/2017,-1.920310746
12/6/2017,-1.996301092
12/7/2017,-2.136362345
12/8/2017,-1.952963354
12/11/2017,-2.341125925
12/12/2017,-2.161216098
12/13/2017,-1.563090009
12/14/2017,-1.245683577
12/15/2017,-2.072695423
12/18/2017,-2.059779061
12/19/2017,-1.985180914
12/20/2017,-2.114157671
12/21/2017,-2.175229609
12/22/2017,-1.921934724
12/26/2017,-2.406655977
12/27/2017,-2.456915992
12/28/2017,-2.69734804
12/29/2017,-2.428677267
1/2/2018,-2.126978171
1/3/2018,-2.062605701
1/4/2018,-1.898908994
1/5/2018,-1.833804458
1/8/2018,-2.115069666
1/9/2018,-2.021663252
1/10/2018,-1.28737546
1/11/2018,-0.90171752
1/12/2018,-0.818377991
1/15/2018,-1.221612294
1/16/2018,-0.979373639
1/17/2018,-0.831197391
1/18/2018,-1.084492693
1/19/2018,-1.335710411
1/22/2018,-1.957804602
1/23/2018,-1.605059363
1/24/2018,-1.109496921
1/25/2018,0.086376469
1/26/2018,-0.841809856
1/29/2018,-1.354394946
1/30/2018,-1.037012515
1/31/2018,-1.252520079
2/1/2018,-1.223416215
2/2/2018,-1.013342255
2/5/2018,-1.134722358
2/6/2018,-0.917937634
2/7/2018,-1.365589559
2/8/2018,-0.894546633
2/9/2018,-1.247118323
2/12/2018,-1.59123337
2/13/2018,-1.504466015
2/14/2018,-0.38643903
2/15/2018,-1.242014286
2/16/2018,-1.329367193
2/19/2018,-1.708015775
2/20/2018,-1.512580654
2/21/2018,-1.313806676
2/22/2018,-1.400377506
2/23/2018,-1.729811687
2/26/2018,-1.772689542
2/27/2018,-1.224738967
2/28/2018,-1.659882887
3/1/2018,-1.18443111
3/2/2018,-1.452996955
3/5/2018,-1.144820951
3/6/2018,-1.470494341
3/7/2018,-1.557546809
3/8/2018,-0.945795942
3/9/2018,-1.676637486
3/12/2018,-2.176177781
3/13/2018,-1.568970203
3/14/2018,-1.683642466
3/15/2018,-1.967352088
3/16/2018,-1.865916156
3/19/2018,-1.824747917
3/20/2018,-1.860987797
3/21/2018,-1.681531637
3/22/2018,-1.410957269
3/23/2018,-1.685670179
3/26/2018,-1.948200706
3/27/2018,-1.876748264
3/28/2018,-1.695403664
3/29/2018,-1.936279668
3/30/2018,-2.916935983
4/2/2018,-2.356906215
4/3/2018,-1.879836081
4/4/2018,-1.837270795
4/5/2018,-1.984679767
4/6/2018,-1.556765863
4/9/2018,-1.970033438
4/10/2018,-1.320938078
4/11/2018,-2.136185688
4/12/2018,-2.012330539
4/13/2018,-2.31941795
4/16/2018,-2.268018915
4/17/2018,-2.193999772
4/18/2018,-2.011497341
4/19/2018,-1.919034454
4/20/2018,-1.828978956
4/23/2018,-1.807030253
4/24/2018,-1.794800347
4/25/2018,-1.896482209
4/26/2018,-1.18456037
4/27/2018,-1.640324344
4/30/2018,-1.740821307
5/1/2018,-1.737520461
5/2/2018,-0.685042572
5/3/2018,-1.25169571
5/4/2018,-1.153445859
5/7/2018,-1.960542477
5/8/2018,-1.373104278
5/9/2018,-1.651435109
5/10/2018,-1.116315342
5/11/2018,-1.818446585
5/14/2018,-1.958217388
5/15/2018,-1.443883532
5/16/2018,-1.235407332
5/17/2018,-1.285913345
5/18/2018,-1.787757117
5/21/2018,-1.702416161
5/22/2018,-1.636697188
5/23/2018,-0.825150344
5/24/2018,-1.606154459
5/25/2018,-1.425236694
5/28/2018,-1.632881502
5/29/2018,-0.866357412
5/30/2018,-0.886822003
5/31/2018,-0.697341117
6/1/2018,-1.122581437
6/4/2018,-1.72488881
6/5/2018,-1.391905102
6/6/2018,-1.199105161
6/7/2018,-1.589273263
6/8/2018,-1.64568685
6/11/2018,-1.72223787
6/12/2018,-1.431212658
6/13/2018,-1.193898372
6/14/2018,-0.641283199
6/15/2018,-0.869363852
6/18/2018,-1.862679717
6/19/2018,-1.133013845
6/20/2018,-1.493057636
6/21/2018,-1.007211402
6/22/2018,-1.233615227
6/25/2018,-1.413378971
6/26/2018,-1.662466663
6/27/2018,-1.35784073
6/28/2018,-1.077758699
6/29/2018,-0.710358267
7/2/2018,-1.4507815
7/3/2018,-1.763195075
7/4/2018,-1.978579629
7/5/2018,-1.866737022
7/6/2018,-1.662419798
7/9/2018,-1.812804048
7/10/2018,-1.857558513
7/11/2018,-1.343120858
7/12/2018,-1.775340752
7/13/2018,-1.748953101
7/16/2018,-2.141668069
7/17/2018,-1.796529849
7/18/2018,-1.909475337
7/19/2018,-1.002340482
7/20/2018,-1.446113386
7/23/2018,-1.848037892
7/24/2018,-1.743689866
7/25/2018,-1.580904289
7/26/2018,-1.615033381
7/27/2018,-2.270668585
7/30/2018,-2.448355889
7/31/2018,-1.82477747
8/1/2018,-2.133354372
8/2/2018,-1.980452906
8/3/2018,-1.764240221
8/6/2018,-2.250045644
8/7/2018,-2.472545287
8/8/2018,-2.074692659
8/9/2018,-2.175865423
8/10/2018,-0.601659365
8/13/2018,-1.190830415
8/14/2018,-1.484098761
8/15/2018,-1.339544739
8/16/2018,-1.321679895
8/17/2018,-1.613471963
8/20/2018,-1.984143317
8/21/2018,-1.215826672
8/22/2018,-1.497400798
8/23/2018,-1.402720686
8/24/2018,-1.290836332
8/27/2018,-1.908407546
8/28/2018,-1.807615815
8/29/2018,-1.819071998
8/30/2018,-1.53815188
8/31/2018,-1.354042424
9/3/2018,-1.998918412
9/4/2018,-1.74687186
9/5/2018,-1.242036392
9/6/2018,-1.646479735
9/7/2018,-1.390062393
9/10/2018,-2.055530564
9/11/2018,-1.83364258
9/12/2018,-1.577979421
9/13/2018,-1.473144746
9/14/2018,-1.804938624
9/17/2018,-2.294953561
9/18/2018,-1.610667247
9/19/2018,-1.734384105
9/20/2018,-1.523313963
9/21/2018,-1.932398294
9/24/2018,-1.438915947
9/25/2018,-1.863626712
9/26/2018,-1.493833498
9/27/2018,-1.267022932
9/28/2018,-1.890891973
10/1/2018,-1.918114996
10/2/2018,-1.759824204
10/3/2018,-1.247632556
10/4/2018,-1.499901165
10/5/2018,-1.519931708
10/8/2018,-2.001530692
10/9/2018,-1.674754334
10/10/2018,-1.894753559
10/11/2018,-1.24548892
10/12/2018,-1.806247355
10/15/2018,-2.075476447
10/16/2018,-1.940792118
10/17/2018,-1.830367592
10/18/2018,-1.772457643
10/19/2018,-1.45468138
10/22/2018,-1.836924519
10/23/2018,-1.691259946
10/24/2018,-1.702132781
10/25/2018,-1.725008902
10/26/2018,-1.610594505
10/29/2018,-1.402416402
10/30/2018,-2.011228053
10/31/2018,-1.722414697
11/1/2018,-1.820398674
11/2/2018,-1.418084111
11/5/2018,-2.176739808
11/6/2018,-2.106289227
11/7/2018,-0.720266046
11/8/2018,-1.585866357
11/9/2018,-1.862731885
11/12/2018,-1.470521923
11/13/2018,-1.4097014
11/14/2018,-0.894557583
11/15/2018,-0.867128134
11/16/2018,-1.480081485
11/19/2018,-1.81044358
11/20/2018,-1.805243954
11/21/2018,-1.388414442
11/22/2018,-2.088276772
11/23/2018,-1.69357052
11/26/2018,-2.009301735
11/27/2018,-1.622616505
11/28/2018,-0.770803001
11/29/2018,-1.62380548
11/30/2018,-2.071322486
12/3/2018,-1.458057737
12/4/2018,-1.695278772
12/5/2018,-1.90756696
12/6/2018,-1.511216246
12/7/2018,-0.92281014
12/10/2018,-1.418861754
12/11/2018,-1.719367747
12/12/2018,-1.440927921
12/13/2018,-1.449077798
12/14/2018,-1.787997431
12/17/2018,-2.152059234
12/18/2018,-2.01135285
12/19/2018,-1.108655194
12/20/2018,-1.232210938
12/21/2018,-1.233438954
12/24/2018,-1.711272947
12/26/2018,-1.887706989
12/27/2018,-1.152133201
12/28/2018,-1.439936318
12/31/2018,-1.829892385
1/2/2019,-1.386113261
1/3/2019,-0.939698494
1/4/2019,-1.180885797
1/7/2019,-1.935203049
1/8/2019,-1.755685528
1/9/2019,-1.343294478
1/10/2019,-1.574037757
1/11/2019,-1.503665715
1/14/2019,-1.941153411
1/15/2019,-1.399646377
1/16/2019,-2.025741908
1/17/2019,-2.179775344
1/18/2019,-2.407182124
1/21/2019,-2.957765889
1/22/2019,-2.568482285
1/23/2019,-2.45233998
1/24/2019,-1.438467501
1/25/2019,-1.894413551
1/28/2019,-2.297972726
1/29/2019,-2.417543327
1/30/2019,-1.050593902
1/31/2019,-1.931739928
2/1/2019,-1.808237362
2/4/2019,-2.574226381
2/5/2019,-2.709261906
2/6/2019,-2.923514201
2/7/2019,-2.482358402
2/8/2019,-2.853705539
2/11/2019,-2.228814627
2/12/2019,-2.225316383
2/13/2019,-1.984135474
2/14/2019,-1.450081029
2/15/2019,-2.155768075
2/18/2019,-2.522341525
2/19/2019,-1.958702863
2/20/2019,-2.109541458
2/21/2019,-1.948863681
2/22/2019,-2.284425982
2/25/2019,-2.523618153
2/26/2019,-2.28859036
2/27/2019,-2.176444318
2/28/2019,-2.019681572
3/1/2019,-2.453198909
3/4/2019,-2.689173182
3/5/2019,-2.101442847
3/6/2019,-2.715916326
3/7/2019,-1.832109176
3/8/2019,-2.209073803
3/11/2019,-2.507047751
3/12/2019,-1.828930114
3/13/2019,-2.212198789
3/14/2019,-2.450034986
3/15/2019,-2.434699985
3/18/2019,-2.781775371
3/19/2019,-2.696060712
3/20/2019,-1.053934905
3/21/2019,-1.999149082
3/22/2019,-0.960547174
3/25/2019,-2.339296122
3/26/2019,-2.505323448
3/27/2019,-1.925240781
3/28/2019,-1.750260526
3/29/2019,-1.927754599
4/1/2019,-2.41414871
4/2/2019,-2.343784164
4/3/2019,-2.434385667
4/4/2019,-2.778692377
4/5/2019,-2.567573736
4/8/2019,-2.718933504
4/9/2019,-2.527867609
4/10/2019,-2.319316945
4/11/2019,-2.629213386
4/12/2019,-2.329898652
4/15/2019,-2.97538179
4/16/2019,-2.335095531
4/17/2019,-2.560846589
4/18/2019,-1.868475426
4/19/2019,-4.070282847
4/22/2019,-3.818991795
4/23/2019,-2.465673723
4/24/2019,-2.047238589
4/25/2019,-2.180975406
4/26/2019,-2.247075781
4/29/2019,-2.732551512
4/30/2019,-2.500253712
5/1/2019,-1.440665415
5/2/2019,-2.631080076
5/3/2019,-2.189702861
5/6/2019,-2.461596069
5/7/2019,-2.27787855
5/8/2019,-2.243051382
5/9/2019,-2.008174651
5/10/2019,-2.584123632
5/13/2019,-2.599316094
5/14/2019,-2.468814104
5/15/2019,-1.991086024
5/16/2019,-2.685916417
5/17/2019,-2.910651635
5/20/2019,-3.11691651
5/21/2019,-2.288854746
5/22/2019,-3.128279502
5/23/2019,-2.088392853
5/24/2019,-2.384460613
5/28/2019,-2.607344044
5/29/2019,-2.715995863
5/30/2019,-2.896434754
5/31/2019,-2.048785449
6/3/2019,-2.287823652
6/4/2019,-1.664091107
6/5/2019,-1.701363956
6/6/2019,-1.3006524
6/7/2019,-1.60264027
6/10/2019,-2.550825307
6/11/2019,-2.32350016
6/12/2019,-2.227394019
6/13/2019,-2.739686318
6/14/2019,-2.032235449
6/17/2019,-2.535958795
6/18/2019,-1.60418657
6/19/2019,-1.920628841
6/20/2019,-1.938467338
6/21/2019,-1.702201347
6/24/2019,-2.416674347
6/25/2019,-1.516766019
6/26/2019,-2.156727714
6/27/2019,-2.510359174
6/28/2019,-2.518890665
7/1/2019,-2.169813566
7/2/2019,-2.196206084
7/3/2019,-2.283484269
7/4/2019,-3.594499528
7/5/2019,-2.199411495
7/8/2019,-3.00041593
7/9/2019,-2.992203298
7/10/2019,-1.823760197
7/11/2019,-2.050971078
7/12/2019,-2.754055128
7/15/2019,-2.823561001
7/16/2019,-2.602974592
7/17/2019,-2.938577671
7/18/2019,-2.143831379
7/19/2019,-1.831220837
7/22/2019,-2.937556148
7/23/2019,-2.83500551
7/24/2019,-2.512264921
7/25/2019,-1.688536146
7/26/2019,-2.522738854
7/29/2019,-2.911539128
7/30/2019,-2.576361291
7/31/2019,-1.414204294
8/1/2019,-1.759715855
8/2/2019,-1.997046787
8/5/2019,-1.783674537
8/6/2019,-1.704722987
8/7/2019,-1.765741405
8/8/2019,-1.723357972
8/9/2019,-2.198578125
8/12/2019,-2.407210893
8/13/2019,-1.790718738
8/14/2019,-2.089853745
8/15/2019,-1.887895366
8/16/2019,-2.116656698
8/19/2019,-2.802331287
8/20/2019,-2.690804345
8/21/2019,-2.801624004
8/22/2019,-2.142149441
8/23/2019,-1.632684483
8/26/2019,-1.972890623
8/27/2019,-2.748943907
8/28/2019,-2.751228606
8/29/2019,-2.284144559
8/30/2019,-2.071406643
9/2/2019,-2.571023181
9/3/2019,-1.511428291
9/4/2019,-2.150610091
9/5/2019,-2.268734954
9/6/2019,-2.434522626
9/9/2019,-2.125765615
9/10/2019,-2.64857743
9/11/2019,-2.771785623
9/12/2019,-0.666092133
9/13/2019,-1.922940256
9/16/2019,-2.262337293
9/17/2019,-2.120293407
9/18/2019,-1.824684053
9/19/2019,-2.344578542
9/20/2019,-2.290160229
9/23/2019,-2.058843257
9/24/2019,-2.42593199
9/25/2019,-2.635042632
9/26/2019,-2.13808521
9/27/2019,-2.255411164
9/30/2019,-2.089165805
10/1/2019,-1.745453827
10/2/2019,-2.450791407
10/3/2019,-1.389103022
10/4/2019,-2.055713157
10/7/2019,-2.651106039
10/8/2019,-2.57064765
10/9/2019,-2.525462654
10/10/2019,-2.351143994
10/11/2019,-1.869836227
10/14/2019,-2.862274381
10/15/2019,-1.560167652
10/16/2019,-1.785776524
10/17/2019,-1.684260676
10/18/2019,-2.448446889
10/21/2019,-2.587342312
10/22/2019,-2.11902273
10/23/2019,-2.813525514
10/24/2019,-1.789336484
10/25/2019,-3.032471074
10/28/2019,-3.23728437
10/29/2019,-2.802729331
10/30/2019,-1.796397899
10/31/2019,-2.228226638
11/1/2019,-2.274332948
11/4/2019,-2.614871698
11/5/2019,-2.220061493
11/6/2019,-3.148042183
11/7/2019,-2.543741704
11/8/2019,-3.039738884
11/11/2019,-3.401315621
11/12/2019,-3.002565895
11/13/2019,-2.936961814
11/14/2019,-2.964207928
11/15/2019,-3.210816689
11/18/2019,-3.127975019
11/19/2019,-3.296580936
11/20/2019,-2.86990197
11/21/2019,-3.018377629
11/22/2019,-2.441970243
11/25/2019,-3.136770234
11/26/2019,-3.292502579
11/27/2019,-3.102909237
11/28/2019,-3.710945095
11/29/2019,-2.584591514
12/2/2019,-2.43394727
12/3/2019,-2.816737538
12/4/2019,-2.551953534
12/5/2019,-2.924040643
12/6/2019,-2.230445435
12/9/2019,-3.513262562
12/10/2019,-3.110774437
12/11/2019,-2.322165118
12/12/2019,-2.198723418
12/13/2019,-1.230886745
12/16/2019,-2.636863621
12/17/2019,-2.623196202
12/18/2019,-2.760548282
12/19/2019,-2.546335278
12/20/2019,-2.889940761
12/23/2019,-3.2341767
12/24/2019,-3.367333948
12/26/2019,-3.605784151
12/27/2019,-2.454402715
12/30/2019,-2.475794727
12/31/2019,-2.883684959
1/2/2020,-2.285358478
1/3/2020,-2.591088081
1/6/2020,-2.714420559
1/7/2020,-2.381722522
1/8/2020,-2.121200495
1/9/2020,-2.636971048
1/10/2020,-2.306509559
1/13/2020,-2.946771764
1/14/2020,-2.973942902
1/15/2020,-2.75112402
1/16/2020,-2.631628874
1/17/2020,-3.127692303
1/20/2020,-3.422710864
1/21/2020,-2.964783953
1/22/2020,-2.906935372
1/23/2020,-1.940047675
1/24/2020,-3.05552337
1/27/2020,-2.850398541
1/28/2020,-3.170301534
1/29/2020,-2.821968535
1/30/2020,-2.965013594
1/31/2020,-2.617743255
2/3/2020,-2.788127234
2/4/2020,-2.979556476
2/5/2020,-2.911476755
2/6/2020,-2.51676686
2/7/2020,-2.292602821
2/10/2020,-2.999909095
2/11/2020,-2.779545388
2/12/2020,-2.529453752
2/13/2020,-2.526507644
2/14/2020,-2.577221423
2/17/2020,-3.562633252
2/18/2020,-2.235247176
2/19/2020,-2.691557932
2/20/2020,-2.193265318
2/21/2020,-1.741327603
2/24/2020,-1.821612719
2/25/2020,-2.019482526
2/26/2020,-1.61902418
2/27/2020,-1.498005514
2/28/2020,-0.732779908
3/2/2020,-0.636033896
3/3/2020,-0.326000138
3/4/2020,-1.163235159
3/5/2020,-1.314058667
3/6/2020,-0.644665351
3/9/2020,0.735730197
3/10/2020,-0.222378255
3/11/2020,-0.669724037
3/12/2020,0.868998649
3/13/2020,0.26945485
3/16/2020,0.450902975
3/17/2020,-0.228433978
3/18/2020,0.06973866
3/19/2020,1.032072218
3/20/2020,0.532670823
3/23/2020,0.577731391
3/24/2020,0.334185744
3/25/2020,-0.412867516
3/26/2020,-0.10832901
3/27/2020,-0.319826441
3/30/2020,-0.523899818
3/31/2020,-0.14745551
4/1/2020,-0.825141088
4/2/2020,-0.439845812
4/3/2020,-0.883016644
4/6/2020,-1.112980276
4/7/2020,-1.154493515
4/8/2020,-0.901482843
4/9/2020,-0.966149524
4/10/2020,-2.555999837
4/13/2020,-1.629654106
4/14/2020,-1.480605515
4/15/2020,-1.327761294
4/16/2020,-1.034018303
4/17/2020,-1.183314033
4/20/2020,-1.559440852
4/21/2020,-1.107672173
4/22/2020,-1.7479137
4/23/2020,-0.775703624
4/24/2020,-1.077763002
4/27/2020,-1.564801981
4/28/2020,-1.435288993
4/29/2020,-1.464665337
4/30/2020,-0.654314395
5/1/2020,-1.485254669
5/4/2020,-1.646785302
5/5/2020,-1.08985471
5/6/2020,-1.553530699
5/7/2020,-1.531505407
5/8/2020,-1.727694984
5/11/2020,-1.738585142
5/12/2020,-1.602734768
5/13/2020,-1.507525691
5/14/2020,-1.643736806
5/15/2020,-1.705964766
5/18/2020,-1.105200359
5/19/2020,-1.663157233
5/20/2020,-1.926254563
5/21/2020,-1.592088785
5/22/2020,-2.143141712
5/25/2020,-2.684661245
5/26/2020,-1.767821008
5/27/2020,-0.761360506
5/28/2020,-1.53170312
5/29/2020,-1.023257222
6/1/2020,-1.597518478
6/2/2020,-1.372559297
6/3/2020,-1.270218188
6/4/2020,-0.678988966
6/5/2020,-0.793404257
6/8/2020,-1.447328077
6/9/2020,-1.340702502
6/10/2020,-0.819559122
6/11/2020,-0.787169335
6/12/2020,-0.851838561
6/15/2020,-1.151601289
6/16/2020,-1.069224024
6/17/2020,-1.147026982
6/18/2020,-1.331710786
6/19/2020,-1.177239379
6/22/2020,-1.835012858
6/23/2020,-1.463564533
6/24/2020,-1.490295976
6/25/2020,-1.741852155
6/26/2020,-1.998996237
6/29/2020,-1.861563377
6/30/2020,-1.510665487
7/1/2020,-1.940165606
7/2/2020,-1.476029547
7/3/2020,-2.308424191
7/6/2020,-1.784201821
7/7/2020,-1.707369717
7/8/2020,-1.831813295
7/9/2020,-1.285077962
7/10/2020,-2.038617467
7/13/2020,-1.795880573
7/14/2020,-1.956043841
7/15/2020,-1.748562843
7/16/2020,-1.59729281
7/17/2020,-1.999339261
7/20/2020,-1.249433034
7/21/2020,-1.12104452
7/22/2020,-1.195950764
7/23/2020,-1.543599246
7/24/2020,-1.575001245
7/27/2020,-1.130174444
7/28/2020,-1.385521334
7/29/2020,-1.281570052
7/30/2020,-1.246165821
7/31/2020,-0.847071524
8/3/2020,-1.299544821
8/4/2020,-1.409843905
8/5/2020,-1.289018394
8/6/2020,-1.045206533
8/7/2020,-1.115608508
8/10/2020,-1.856927214
8/11/2020,-1.23254205
8/12/2020,-1.3540171
8/13/2020,-1.531114776
8/14/2020,-1.717615862
8/17/2020,-1.810613304
8/18/2020,-1.43275033
8/19/2020,-1.115896209
8/20/2020,-1.230514504
8/21/2020,-1.302624049
8/24/2020,-1.922402284
8/25/2020,-1.747276436
8/26/2020,-1.869770665
8/27/2020,-0.626162514
8/28/2020,-1.17060676
8/31/2020,-1.667251412
9/1/2020,-0.865532298
9/2/2020,-1.278094145
9/3/2020,-1.34275322
9/4/2020,-1.253553961
9/7/2020,-2.551977444
9/8/2020,-1.37984896
9/9/2020,-1.61043364
9/10/2020,-0.989553039
9/11/2020,-1.898034254
9/14/2020,-2.254079497
9/15/2020,-1.91172363
9/16/2020,-1.095615078
9/17/2020,-1.438979874
9/18/2020,-2.054804628
9/21/2020,-1.426793709
9/22/2020,-1.366602162
9/23/2020,-1.470481185
9/24/2020,-1.402465892
9/25/2020,-1.854251792
9/28/2020,-1.848021809
9/29/2020,-1.664395966
9/30/2020,-1.436290316
10/1/2020,-1.564592465
10/2/2020,-1.7430666
10/5/2020,-2.317782872
10/6/2020,-1.534713912
10/7/2020,-2.082495074
10/8/2020,-2.32248947
10/9/2020,-2.175768273
10/12/2020,-2.3924786
10/13/2020,-2.053666437
10/14/2020,-2.231524993
10/15/2020,-2.089933024
10/16/2020,-2.245079342
10/19/2020,-2.175516518
10/20/2020,-2.173665275
10/21/2020,-2.049993341
10/22/2020,-2.14059387
10/23/2020,-2.073381146
10/26/2020,-2.222202559
10/27/2020,-2.074467854
10/28/2020,-1.890885867
10/29/2020,-1.590914531
10/30/2020,-1.857339849
11/2/2020,-2.355917835
11/3/2020,-2.034054577
11/4/2020,-0.113604433
11/5/2020,-1.042870422
11/6/2020,-1.037179344
11/9/2020,-0.838258171
11/10/2020,-1.201471514
11/11/2020,-1.822158153
11/12/2020,-1.92021912
11/13/2020,-2.328359949
11/16/2020,-1.962541485
11/17/2020,-2.32218347
11/18/2020,-2.411433981
11/19/2020,-2.252419708
11/20/2020,-2.568748828
11/23/2020,-1.704170864
11/24/2020,-1.693445035
11/25/2020,-1.700881389
11/26/2020,-2.441828469
11/27/2020,-2.654778489
12/1/2020,-1.723382842
12/2/2020,-1.529443632
12/3/2020,-1.787405967
12/4/2020,-1.770906726
12/7/2020,-1.780362096
12/8/2020,-2.079078782
12/9/2020,-2.003055432
12/10/2020,-1.438686559
12/11/2020,-1.896617018
12/14/2020,-1.881176167
12/15/2020,-1.752366427
12/16/2020,-1.058872342
12/17/2020,-1.938528915
12/18/2020,-2.208964266
12/21/2020,-1.094953793
12/22/2020,-1.722920178
12/23/2020,-1.600904079
12/24/2020,-2.440943753
12/28/2020,-1.727670523
12/29/2020,-1.882356513
12/30/2020,-1.660436575
12/31/2020,-1.609303512
1/4/2021,-1.643923088
1/5/2021,-2.094367619
1/6/2021,-1.093256604
1/7/2021,-1.631010373
1/8/2021,-0.928449999
1/11/2021,-1.516006966
1/12/2021,-1.665941667
1/13/2021,-1.591717895
1/14/2021,-1.561525626
1/15/2021,-1.937199037
1/18/2021,-2.595506176
1/19/2021,-2.181727197
1/20/2021,-1.793652718
1/21/2021,-1.865520164
1/22/2021,-2.082197046
1/25/2021,-2.152311091
1/26/2021,-2.151330405
1/27/2021,-1.54963226
1/28/2021,-1.658726851
1/29/2021,-1.688594684
2/1/2021,-1.873854587
2/2/2021,-1.742585838
2/3/2021,-2.137925384
2/4/2021,-2.156532399
2/5/2021,-2.052412207
2/8/2021,-2.185209872
2/9/2021,-2.281266514
2/10/2021,-2.392656012
2/11/2021,-2.676914936
2/12/2021,-2.475602132
2/15/2021,-3.004328349
2/16/2021,-2.105659814
2/17/2021,-2.063679956
2/18/2021,-2.47595933
2/19/2021,-2.342916142
2/22/2021,-2.016160272
2/23/2021,-2.387359064
2/24/2021,-1.742028095
2/25/2021,-1.369734466
2/26/2021,-1.103358956
3/1/2021,-1.90402473
3/2/2021,-1.780883733
3/3/2021,-1.781880997
3/4/2021,-1.67080786
3/5/2021,-1.318582626
3/8/2021,-2.090333188
3/9/2021,-1.961918907
3/10/2021,-1.748562279
3/11/2021,-1.521396397
3/12/2021,-2.018756177
3/15/2021,-2.033090358
3/16/2021,-2.167197906
3/17/2021,-1.656173613
3/18/2021,-1.790839622
3/19/2021,-2.431956355
3/22/2021,-2.129866368
3/23/2021,-2.080342481
3/24/2021,-2.069949015
3/25/2021,-2.000627421
3/26/2021,-2.417206018
3/29/2021,-2.191737757
3/30/2021,-2.396260223
3/31/2021,-2.126218414
4/1/2021,-2.137740041
4/2/2021,-2.706989006
4/5/2021,-2.505181687
4/6/2021,-2.291662216
4/7/2021,-1.983427165
4/8/2021,-2.265970148
4/9/2021,-2.359360566
4/12/2021,-2.354630497
4/13/2021,-2.115541517
4/14/2021,-2.451695661
4/15/2021,-2.160434473
4/16/2021,-2.400620142
4/19/2021,-1.91234372
4/20/2021,-2.215943137
4/21/2021,-2.247027098
4/22/2021,-2.041695572
4/23/2021,-2.509736939
4/26/2021,-2.14303111
4/27/2021,-2.469223427
4/28/2021,-1.828801367
4/29/2021,-2.368306011
4/30/2021,-1.92604553
5/3/2021,-2.280691134
5/4/2021,-1.969381177
5/5/2021,-2.760605226
5/6/2021,-2.395664205
5/7/2021,-0.870454041
5/10/2021,-1.893354716
5/11/2021,-2.071158052
5/12/2021,-1.008978584
5/13/2021,-1.901764411
5/14/2021,-2.556341283
5/17/2021,-2.506022795
5/18/2021,-2.492605088
5/19/2021,-1.817110549
5/20/2021,-2.367425676
5/21/2021,-1.883980466
5/24/2021,-2.185323672
5/25/2021,-2.143154876
5/26/2021,-2.208459536
5/27/2021,-2.064277474
5/28/2021,-2.1123649
6/1/2021,-2.456022027
6/2/2021,-2.405531451
6/3/2021,-2.174636103
6/4/2021,-1.589505687
6/7/2021,-2.557861743
6/8/2021,-2.720693486
6/9/2021,-2.903969626
6/10/2021,-1.962381685
6/11/2021,-2.553342852
6/14/2021,-2.670960726
6/15/2021,-2.670527152
6/16/2021,-0.867223285
6/17/2021,-1.477730083
6/18/2021,-1.597642207
6/21/2021,-1.867450421
6/22/2021,-2.05441726
6/23/2021,-2.298190309
6/24/2021,-2.330315045
6/25/2021,-2.499413441
6/28/2021,-2.160094386
6/29/2021,-2.428364214
6/30/2021,-2.051390542
7/1/2021,-2.198393218
7/2/2021,-1.724960938
7/5/2021,-2.825677053
7/6/2021,-2.099809041
7/7/2021,-1.959683242
7/8/2021,-1.978787615
7/9/2021,-2.502984624
7/12/2021,-2.369101387
7/13/2021,-1.646301372
7/14/2021,-2.39551441
7/15/2021,-2.449987879
7/16/2021,-2.528215438
7/19/2021,-2.256080582
7/20/2021,-2.091851537
7/21/2021,-2.521489775
7/22/2021,-1.675668489
7/23/2021,-2.523787054
7/26/2021,-2.377574685
7/27/2021,-2.256843248
7/28/2021,-1.822948759
7/29/2021,-2.556707723
7/30/2021,-2.474231226
8/2/2021,-2.257823947
8/3/2021,-2.678624812
8/4/2021,-2.057725597
8/5/2021,-2.396759088
8/6/2021,-2.455004588
8/9/2021,-2.612397311
8/10/2021,-2.818090366
8/11/2021,-2.364537038
8/12/2021,-2.84732131
8/13/2021,-2.935965989
8/16/2021,-2.913195665
8/17/2021,-2.376350013
8/18/2021,-1.83594997
8/19/2021,-2.353824342
8/20/2021,-2.628883192
8/23/2021,-2.408529065
8/24/2021,-2.538695726
8/25/2021,-2.355956086
8/26/2021,-2.470440317
8/27/2021,-1.838879546
8/30/2021,-3.038700876
8/31/2021,-2.43706543
9/1/2021,-2.524027123
9/2/2021,-2.956785315
9/3/2021,-1.712117658
9/6/2021,-3.442043341
9/7/2021,-2.433385248
9/8/2021,-2.651612182
9/9/2021,-2.075454201
9/10/2021,-2.768544349
9/13/2021,-2.76517357
9/14/2021,-2.13486365
9/15/2021,-2.422179562
9/16/2021,-2.456094069
9/17/2021,-2.597922182
9/20/2021,-2.734014862
9/21/2021,-2.434934633
9/22/2021,-1.354132666
9/23/2021,-2.353520275
9/24/2021,-2.579934283
9/27/2021,-2.52482314
9/28/2021,-2.156414811
9/29/2021,-2.107145537
9/30/2021,-1.99265287
10/1/2021,-2.146838129
10/4/2021,-2.505716815
10/5/2021,-2.455663387
10/6/2021,-2.228596599
10/7/2021,-2.720602547
10/8/2021,-2.489997094
10/11/2021,-2.87204237
10/12/2021,-2.65531703
10/13/2021,-2.317236544
10/14/2021,-2.756891995
10/15/2021,-2.725047544
10/18/2021,-2.494282971
10/19/2021,-2.460065901
10/20/2021,-2.748343598
10/21/2021,-2.67885808
10/22/2021,-2.566580332
10/25/2021,-2.537863631
10/26/2021,-2.674860149
10/27/2021,-2.344505784
10/28/2021,-1.565447389
10/29/2021,-1.785369097
11/1/2021,-2.332424165
11/2/2021,-2.477657072
11/3/2021,-1.820605984
11/4/2021,-2.399502232
11/5/2021,-1.987000828
11/8/2021,-2.280130288
11/9/2021,-2.105195713
11/10/2021,-1.531467993
11/11/2021,-2.14075125
11/12/2021,-2.350799448
11/15/2021,-1.836496859
11/16/2021,-1.690438143
11/17/2021,-1.444916321
11/18/2021,-2.054339501
11/19/2021,-1.260117842
11/22/2021,-1.357107112
11/23/2021,-2.093760565
11/24/2021,-1.549683889
11/25/2021,-2.798704426
11/26/2021,-1.264802746
11/29/2021,-1.996631098
11/30/2021,-0.893192043
12/1/2021,-1.394222841
12/2/2021,-2.161235649
12/3/2021,-1.461307013
12/6/2021,-2.229203163
12/7/2021,-1.953205172
12/8/2021,-1.997079577
12/9/2021,-2.219148837
12/10/2021,-1.306870984
12/13/2021,-2.095010233
12/14/2021,-2.342912521
12/15/2021,-1.525420716
12/16/2021,-1.525915128
12/17/2021,-2.000807692
12/20/2021,-2.050905987
12/21/2021,-2.281242483
12/22/2021,-1.945025023
12/23/2021,-2.189455387
12/24/2021,-2.489846347
12/27/2021,-2.309271196
12/28/2021,-2.351896276
12/29/2021,-2.098977946
12/30/2021,-1.734032658
12/31/2021,-1.583237644
1/3/2022,-1.730754857
1/4/2022,-1.996776384
1/5/2022,-1.845318794
1/6/2022,-1.678831734
1/7/2022,-2.025760665
1/10/2022,-2.017467115
1/11/2022,-2.205350788
1/12/2022,-1.945182696
1/13/2022,-1.867309719
1/14/2022,-1.987144796
1/17/2022,-2.336967971
1/18/2022,-1.846998174
1/19/2022,-2.279690446
1/20/2022,-2.118995471
1/21/2022,-2.29052494
1/24/2022,-2.003222088
1/25/2022,-2.320276548
1/26/2022,-1.920040534
1/27/2022,-1.601225677
1/28/2022,-1.607412967
1/31/2022,-1.791338413
2/1/2022,-1.679720655
2/2/2022,-2.146532798
2/3/2022,-0.711373173
2/4/2022,-1.086497185
2/7/2022,-1.741258691
2/8/2022,-1.902199364
2/9/2022,-2.159995122
2/10/2022,-0.659638966
2/11/2022,-1.041201072
2/14/2022,-1.261431777
2/15/2022,-1.549053624
2/16/2022,-2.051087684
2/17/2022,-0.966613556
2/18/2022,-1.999650421
2/21/2022,-1.759689723
2/22/2022,-1.366599072
2/23/2022,-2.017732538
2/24/2022,-0.263468914
2/25/2022,-0.922946496
2/28/2022,-0.535703921
3/1/2022,-0.988678062
3/2/2022,-0.507292697
3/3/2022,-1.271143517
3/4/2022,-0.749569492
3/7/2022,-0.076464847
3/8/2022,-0.224376875
3/9/2022,-0.574102551
3/10/2022,-0.138003525
3/11/2022,-0.893194479
3/14/2022,-1.215314224
3/15/2022,-0.861017804
3/16/2022,-0.379989419
3/17/2022,-1.187835117
3/18/2022,-1.525487925
3/21/2022,-1.586600132
3/22/2022,-1.492486431
3/23/2022,-1.611829266
3/24/2022,-1.501925418
3/25/2022,-1.563673656
3/28/2022,-1.278153499
3/29/2022,-0.309352952
3/30/2022,-1.250258269
3/31/2022,-0.968495263
4/1/2022,-1.406459962
4/4/2022,-1.95487284
4/5/2022,-1.899619458
4/6/2022,-1.486109151
4/7/2022,-1.419627844
4/8/2022,-1.65656566
4/11/2022,-1.558634449
4/12/2022,-1.364070177
4/13/2022,-1.71384125
4/14/2022,-0.480741846
4/15/2022,-2.803465172
4/18/2022,-2.005121885
4/19/2022,-1.549762233
4/20/2022,-1.360792253
4/21/2022,-1.190374456
4/22/2022,-1.361380395
4/25/2022,-0.927364326
4/26/2022,-1.394147203
4/27/2022,-0.875980789
4/28/2022,-0.358869485
4/29/2022,-0.833699495
5/2/2022,-1.07731927
5/3/2022,-1.102270058
5/4/2022,-0.286777764
5/5/2022,-0.701687872
5/6/2022,-0.248707285
5/9/2022,-0.898505687
5/10/2022,-1.193635444
5/11/2022,-1.017136956
5/12/2022,-0.519448593
5/13/2022,-1.182426022
5/16/2022,-1.266913888
5/17/2022,-0.827554132
5/18/2022,-1.237725648
5/19/2022,-0.90236671
5/20/2022,-1.333115441
5/23/2022,-0.891071469
5/24/2022,-0.716908869
5/25/2022,-1.213574282
5/26/2022,-1.368513172
5/27/2022,-1.190333868
5/30/2022,-1.6390484
5/31/2022,-0.85850323
6/1/2022,-1.162392182
6/2/2022,-1.558056342
6/3/2022,-1.649914895
6/6/2022,-1.644893303
6/7/2022,-1.532532702
6/8/2022,-1.546765102
6/9/2022,-0.272227317
6/10/2022,-0.722757831
6/13/2022,-0.781810217
6/14/2022,-0.958714696
6/15/2022,0.092408276
6/16/2022,-0.219057189
6/17/2022,-0.671540875
6/20/2022,-1.468757622
6/21/2022,-1.288467222
6/22/2022,-1.08568034
6/23/2022,-0.585597803
6/24/2022,-1.059362201
6/27/2022,-1.464880047
6/28/2022,-1.294040825
6/29/2022,-1.181463989
6/30/2022,-0.924778063
7/1/2022,-1.034682267
7/4/2022,-1.684537532
7/5/2022,-0.715264103
7/6/2022,-0.690432038
7/7/2022,-0.889472719
7/8/2022,-0.42475297
7/11/2022,-1.00298166
7/12/2022,-0.853507298
7/13/2022,0.095342399
7/14/2022,-0.336210473
7/15/2022,-0.761415253
7/18/2022,-1.027026035
7/19/2022,-0.476723214
7/20/2022,-0.60815313
7/21/2022,-0.02566318
7/22/2022,-0.413601122
7/25/2022,-0.91231741
7/26/2022,-0.858325606
7/27/2022,-0.296875262
7/28/2022,-0.408459525
7/29/2022,-0.494746047
8/1/2022,-0.992119855
8/2/2022,-0.702167784
8/3/2022,-0.873806382
8/4/2022,-1.107396231
8/5/2022,-0.688695119
8/8/2022,-1.409560071
8/9/2022,-1.699565057
8/10/2022,-0.29917797
8/11/2022,-1.237407939
8/12/2022,-1.333585825
8/15/2022,-1.493469423
8/16/2022,-1.272527725
8/17/2022,-1.147908183
8/18/2022,-1.274673269
8/19/2022,-1.521983059
8/22/2022,-1.275858627
8/23/2022,-0.630099543
8/24/2022,-0.868287887
8/25/2022,-0.831860292
8/26/2022,-0.186883926
8/29/2022,-0.807116831
8/30/2022,-0.63897059
8/31/2022,-0.683945225
9/1/2022,-0.72353292
9/2/2022,-0.699403508
9/5/2022,-0.983677072
9/6/2022,-0.808663232
9/7/2022,-0.775737968
9/8/2022,-0.335215086
9/9/2022,-0.625723861
9/12/2022,-0.503374484
9/13/2022,0.204330613
9/14/2022,-0.921978973
9/15/2022,-1.353686178
9/16/2022,-0.786030393
9/19/2022,-1.343692802
9/20/2022,-1.084830053
9/21/2022,-0.006963961
9/22/2022,-0.487369953
9/23/2022,-0.3361952
9/26/2022,0.850457404
9/27/2022,-0.30114187
9/28/2022,0.188044835
9/29/2022,0.062107454
9/30/2022,-0.162445789
10/3/2022,-0.24223376
10/4/2022,-0.567164359
10/5/2022,-0.581813403
10/6/2022,-0.678355792
10/7/2022,-0.499959582
10/10/2022,-0.615426763
10/11/2022,-0.619988064
10/12/2022,-0.446679383
10/13/2022,0.534400501
10/14/2022,-0.299310305
10/17/2022,-0.580489146
10/18/2022,-0.63607787
10/19/2022,-0.842692402
10/20/2022,-0.584555536
10/21/2022,0.119050713
10/24/2022,-0.088895716
10/25/2022,-0.772978443
10/26/2022,-0.710689423
10/27/2022,-0.441348116
10/28/2022,-0.769217761
10/31/2022,-1.036646973
11/1/2022,-0.908899224
11/2/2022,0.093498111
11/3/2022,-0.862340793
11/4/2022,-0.29341484
11/7/2022,-0.541554758
11/8/2022,-0.903678077
11/9/2022,-0.594845065
11/10/2022,0.891661645
11/11/2022,-0.532718626
11/14/2022,-0.515939529
11/15/2022,0.503991039
11/16/2022,-0.398802401
11/17/2022,-0.685063449
11/18/2022,-0.989386968
11/21/2022,-1.066230741
11/22/2022,-1.277123315
11/23/2022,-0.743598874
11/24/2022,-1.261707648
11/25/2022,-1.280727838
11/28/2022,-0.696069858
11/29/2022,-0.590878921
11/30/2022,-0.322207628
12/1/2022,-0.30177936
12/2/2022,0.04789353
12/5/2022,-0.620318751
12/6/2022,-1.033580185
12/7/2022,-0.876679332
12/8/2022,-1.326947424
12/9/2022,-1.147770854
12/12/2022,-1.339954248
12/13/2022,-0.254022753
12/14/2022,-0.492811352
12/15/2022,-0.325993423
12/16/2022,-1.06196093
12/19/2022,-1.195764146
12/20/2022,-0.667036065
12/21/2022,-1.371607088
12/22/2022,-1.185687812
12/23/2022,-1.477547055
12/26/2022,-2.542914339
12/27/2022,-1.60291423
12/28/2022,-1.74866113
12/29/2022,-1.602448179
12/30/2022,-1.026367838
1/2/2023,-1.459918253
1/3/2023,-0.677041768
1/4/2023,-0.876577332
1/5/2023,-0.955203983
1/6/2023,-0.434570046
1/9/2023,-1.264393204
1/10/2023,-1.430888672
1/11/2023,-1.422255596
1/12/2023,-0.344768778
1/13/2023,-1.205409246
1/16/2023,-1.783744743
1/17/2023,-0.87937619
1/18/2023,-0.733575036
1/19/2023,-1.335576879
1/20/2023,-1.547351822
1/23/2023,-1.316778484
1/24/2023,-1.449951523
1/25/2023,-1.269482519
1/26/2023,-1.473580792
1/27/2023,-1.478998229
1/30/2023,-1.649161647
1/31/2023,-1.434427547
2/1/2023,-0.966530029
2/2/2023,-0.50923618
2/3/2023,-0.209962427
2/6/2023,-1.493807574
2/7/2023,-0.782171149
2/8/2023,-1.406749401
2/9/2023,-1.515797572
2/10/2023,-1.443481576
2/13/2023,-1.681669732
2/14/2023,-0.535251548
2/15/2023,-1.310689761
2/16/2023,-1.519044836
2/17/2023,-1.323936608
2/20/2023,-2.50489787
2/21/2023,-1.236631731
2/22/2023,-1.639613138
2/23/2023,-2.014368955
2/24/2023,-1.617472884
2/27/2023,-1.688914582
2/28/2023,-1.28712686
3/1/2023,-1.272064284
3/2/2023,-1.619623444
3/3/2023,-1.835800575
3/6/2023,-1.430445017
3/7/2023,-0.488538904
3/8/2023,-2.141396205
3/9/2023,-1.730717501
3/10/2023,-0.968183898
3/14/2023,-1.213513272
3/15/2023,0.007612926
3/16/2023,-0.94728027
3/17/2023,-1.553000938
3/20/2023,-1.125461058
3/21/2023,-1.862474105
3/22/2023,-0.686363183
3/23/2023,-1.354378192
3/27/2023,-1.685403752
3/28/2023,-2.194777633
3/29/2023,-2.086748498
3/30/2023,-1.319062759
3/31/2023,-1.530762644
4/3/2023,-1.822896774
4/4/2023,-0.530950121
4/5/2023,-1.786587926
4/6/2023,-2.171824724
4/10/2023,-2.03165561
4/11/2023,-1.971321441
4/12/2023,-0.864970025
4/14/2023,-1.453790777
4/18/2023,-2.279897965
4/19/2023,-1.847807555
4/20/2023,-1.910400228
4/21/2023,-1.358020051
4/25/2023,-1.711779502
4/26/2023,-1.518072544
4/27/2023,-1.713849817
5/2/2023,-1.199636988
5/3/2023,-1.540372044
5/5/2023,-1.308194198
5/8/2023,-2.111339837
5/9/2023,-2.089892683
5/10/2023,-1.577789783
5/12/2023,-2.001351695
5/15/2023,-2.680548113
5/16/2023,-2.245927141
5/17/2023,-2.164290899
5/18/2023,-2.066776806
5/19/2023,-1.362936094
5/23/2023,-1.767256418
5/24/2023,-1.415840082
5/25/2023,-2.015578357
5/30/2023,-1.725897576
6/1/2023,-1.718135529
6/2/2023,-1.929706101
6/5/2023,-1.686827829
6/6/2023,-1.872018813
6/7/2023,-2.145397268
6/8/2023,-2.092193855
6/9/2023,-2.653267081
6/13/2023,-1.586909787
6/14/2023,-1.174832215
6/15/2023,-0.828885626
6/20/2023,-1.880731925
6/21/2023,-2.581931099
6/23/2023,-1.486120701
6/26/2023,-2.45645255
6/28/2023,-2.140299489
6/30/2023,-1.28317301
7/3/2023,-2.272106197
7/5/2023,-2.079096538
7/6/2023,-1.514697219
7/7/2023,-1.373689808
7/10/2023,-1.888000146
7/12/2023,-1.136879315
7/13/2023,-2.101760308
7/18/2023,-1.551853618
7/20/2023,-1.89870065
7/24/2023,-1.246533009
7/25/2023,-2.255887018
7/26/2023,-1.528755886
7/27/2023,-0.027850859
7/28/2023,-1.158852583
7/31/2023,-1.903906004
8/1/2023,-1.805563708
8/2/2023,-1.516243198
8/3/2023,-1.402928314
8/4/2023,-1.408155642
8/7/2023,-2.212776732
8/8/2023,-2.103721177
8/9/2023,-2.044044913
8/10/2023,-1.541736127
8/11/2023,-1.6890713
8/14/2023,-1.869411064
8/15/2023,-1.550993669
8/16/2023,-2.0035974
8/17/2023,-2.053930324
8/18/2023,-2.11165
8/21/2023,-2.336497768
8/22/2023,-2.054830575
8/23/2023,-1.070985057
8/24/2023,-2.138446939
8/25/2023,-1.11929117
8/28/2023,-2.46045372
8/29/2023,-1.11736487
8/30/2023,-1.66997626
8/31/2023,-1.650500447
9/1/2023,-1.035514671
9/4/2023,-2.747034431
9/5/2023,-1.92261821
9/6/2023,-1.686162651
9/7/2023,-2.129759643
9/8/2023,-2.297606877
9/11/2023,-2.126640104
9/12/2023,-2.024645345
9/13/2023,-1.714397429
9/14/2023,-1.111565471
9/15/2023,-1.885455759
9/18/2023,-2.500367919
9/19/2023,-2.393122884
9/20/2023,-1.229663327
9/21/2023,-1.654373422
9/22/2023,-1.191916263
9/25/2023,-2.261409776
9/26/2023,-2.127504745
9/27/2023,-1.716146333
9/28/2023,-1.296246729
9/29/2023,-1.664261201
10/2/2023,-1.69632549
10/3/2023,-1.262097286
10/4/2023,-1.529338516
10/5/2023,-1.750486809
10/6/2023,-0.617251747
10/9/2023,-1.824248579
10/10/2023,-1.75199664
10/11/2023,-1.623904423
10/12/2023,-1.389523427
10/13/2023,-1.84331152
10/16/2023,-1.928879132
10/17/2023,-1.467248995
10/18/2023,-1.808839173
10/19/2023,-1.080586178
10/20/2023,-1.700993935
10/23/2023,-1.820596883
10/24/2023,-1.583859813
10/25/2023,-2.176709513
10/26/2023,-1.786420412
10/27/2023,-1.473745705
10/30/2023,-1.894213439
10/31/2023,-1.280499159
11/1/2023,-1.574993883
11/2/2023,-1.809163735
11/3/2023,-1.226862604
11/6/2023,-2.215627459
11/7/2023,-2.097578727
11/8/2023,-2.12876238
11/9/2023,-1.527078742
11/10/2023,-1.912436539
11/13/2023,-2.261509446
11/14/2023,-0.612724672
11/15/2023,-1.789660568
11/16/2023,-1.719397212
11/17/2023,-1.789128814
11/20/2023,-1.919307664
11/21/2023,-2.037433717
11/22/2023,-1.600999442
11/23/2023,-2.461147389
11/24/2023,-2.261078787
11/27/2023,-2.24787472
11/28/2023,-1.711403167
11/29/2023,-1.693111004
11/30/2023,-1.388163895
12/1/2023,-1.522590189
12/4/2023,-1.710621391
12/5/2023,-1.557291092
12/6/2023,-1.959322491
12/7/2023,-1.75427012
12/8/2023,-1.180766344
12/11/2023,-2.103619593
12/12/2023,-1.736351516
12/13/2023,-0.888983097
12/14/2023,-1.072237506
12/15/2023,-1.306315159
12/18/2023,-2.255077396
12/19/2023,-2.003161508
12/20/2023,-2.08784563
12/21/2023,-1.951165842
12/22/2023,-1.850688553
12/26/2023,-2.554261754
12/27/2023,-2.028605793
12/28/2023,-1.514018965
12/29/2023,-1.842110733
1/2/2024,-1.813862117
1/3/2024,-1.660627919
1/4/2024,-2.11658457
1/5/2024,-0.977305835
1/8/2024,-2.216558792
1/9/2024,-1.965036224
1/10/2024,-2.220132401
1/11/2024,-1.326648328
1/12/2024,-1.835269446
1/15/2024,-2.623744044
1/16/2024,-1.593471905
1/17/2024,-1.936248285
1/18/2024,-1.915781336
1/19/2024,-2.268230389
1/22/2024,-2.21997899
1/23/2024,-2.103228556
1/24/2024,-1.623778573
1/25/2024,-1.610297932
1/26/2024,-1.910199032
1/29/2024,-2.247734977
1/30/2024,-2.208217956
1/31/2024,-1.032816131
2/1/2024,-1.794106995
2/2/2024,-0.717343047
2/5/2024,-2.06214168
2/6/2024,-2.279385447
2/7/2024,-2.393078808
2/8/2024,-2.512110347
2/9/2024,-2.289285729
2/12/2024,-2.565384641
2/13/2024,-0.789928289
2/14/2024,-2.457192209
2/15/2024,-2.340031101
2/16/2024,-2.054477328
2/19/2024,-3.219636979
2/20/2024,-2.397402058
2/21/2024,-2.604987965
2/22/2024,-1.788198196
2/23/2024,-2.568057562
2/26/2024,-2.7072116
2/27/2024,-2.688470783
2/28/2024,-2.651533813
2/29/2024,-2.208994331
3/1/2024,-2.32805627
3/4/2024,-2.823782592
3/5/2024,-2.46361771
3/6/2024,-2.785721374
3/7/2024,-2.043097418
3/8/2024,-1.908379262
3/11/2024,-2.85451169
3/12/2024,-2.43217315
3/13/2024,-2.992087852
3/14/2024,-2.537193925
3/15/2024,-2.926375977
3/18/2024,-3.227711577
3/19/2024,-3.058371393
3/20/2024,-1.690690489
3/21/2024,-2.30134107
3/22/2024,-2.717875828
3/25/2024,-2.820727921
3/26/2024,-2.828120128
3/27/2024,-3.060299155
3/28/2024,-2.297785664
3/29/2024,-3.040576008
4/1/2024,-2.342950991
4/2/2024,-2.376476502
4/3/2024,-2.376039156
4/4/2024,-2.687305675
4/5/2024,-1.509330257
4/8/2024,-2.76805111
4/9/2024,-2.824478625
4/10/2024,-0.513628269
4/11/2024,-1.637859
4/12/2024,-2.002944345
4/15/2024,-1.777920627
4/16/2024,-1.642733856
4/17/2024,-1.870338452
4/18/2024,-2.345356486
4/19/2024,-1.812029676
4/22/2024,-2.409842835
4/23/2024,-1.458063665
4/24/2024,-2.382299667
4/25/2024,-1.950777542
4/26/2024,-2.164678543
4/29/2024,-2.134268357
4/30/2024,-1.725205936
5/1/2024,-1.643001962
5/2/2024,-1.892097569
5/3/2024,-1.138564218
5/6/2024,-3.073278725
5/7/2024,-2.698911401
5/8/2024,-3.094546771
5/9/2024,-2.491424376
5/10/2024,-2.741472239
5/13/2024,-3.00603947
5/14/2024,-2.453928961
5/15/2024,-1.876262361
5/16/2024,-2.805858473
5/17/2024,-2.829541401
5/20/2024,-3.16109467
5/21/2024,-2.833934297
5/22/2024,-2.711338748
5/23/2024,-2.103893013
5/24/2024,-3.125469108
5/27/2024,-2.959941699
5/28/2024,-3.0056288
5/29/2024,-2.325914544
5/30/2024,-2.652741482
5/31/2024,-2.340413912
6/3/2024,-2.358173474
6/4/2024,-2.587196673
6/5/2024,-2.424007413
6/6/2024,-2.394148235
6/7/2024,-1.042378885
6/10/2024,-2.426808945
6/11/2024,-2.287307791
6/12/2024,-1.009135609
6/13/2024,-1.937668199
6/14/2024,-1.945151333
6/17/2024,-2.472238658
6/18/2024,-2.24013989
6/19/2024,-2.944633022
6/20/2024,-2.467495112
6/21/2024,-1.886925331
6/24/2024,-2.733880046
6/25/2024,-2.850815912
6/26/2024,-2.359027241
6/27/2024,-2.473887395
6/28/2024,-2.221575369
7/1/2024,-2.115436846
7/2/2024,-2.597581269
7/3/2024,-2.274933148
7/4/2024,-3.325550888
7/5/2024,-2.350686647
7/8/2024,-2.461842133
7/9/2024,-2.92131241
7/10/2024,-3.376816856
7/11/2024,-1.433047152
7/12/2024,-2.792975746
7/15/2024,-2.677736861
7/16/2024,-2.738256819
7/17/2024,-2.599733116
7/18/2024,-2.912722524
7/19/2024,-2.90735352
7/22/2024,-2.910088741
7/23/2024,-2.860247046
7/24/2024,-2.673810396
7/25/2024,-2.321814944
7/26/2024,-2.908944886
7/29/2024,-2.843176474
7/30/2024,-2.7303899
7/31/2024,-2.039110184
8/1/2024,-2.003847201
8/2/2024,-1.498308938
8/5/2024,-0.899865553
8/6/2024,-2.170097444
8/7/2024,-2.480295051
8/8/2024,-2.108750565
8/9/2024,-3.062041408
8/12/2024,-2.873125725
8/13/2024,-2.476829853
8/14/2024,-2.17387308
8/15/2024,-1.689081426
8/16/2024,-3.069673993
8/19/2024,-2.502063819
8/20/2024,-2.530332157
8/21/2024,-1.957998936
8/22/2024,-2.020711845
8/23/2024,-1.354747117
8/26/2024,-2.516946595
8/27/2024,-2.475773868
8/28/2024,-2.001029827
8/29/2024,-1.375946363
8/30/2024,-2.0602076
9/2/2024,-2.721332614
9/3/2024,-2.227797278
9/4/2024,-2.064230682
9/5/2024,-2.042132184
9/6/2024,-1.227842651
9/9/2024,-2.453005795
9/10/2024,-2.784161202
9/11/2024,-1.990622664
9/12/2024,-2.08983484
9/13/2024,-2.821681476
9/16/2024,-2.606707257
9/17/2024,-2.40923556
9/18/2024,-1.026808343
9/19/2024,-1.666567361
9/20/2024,-2.277133668
9/23/2024,-1.773391199
9/24/2024,-2.359132124
9/25/2024,-2.041058203
9/26/2024,-1.403391722
9/27/2024,-1.61605051
9/30/2024,-1.496681102
10/1/2024,-1.804423534
10/2/2024,-2.20950479
10/3/2024,-2.353958408
10/4/2024,-1.089456818
10/7/2024,-2.221667219
10/8/2024,-2.519698516
10/9/2024,-2.498419937
10/10/2024,-1.812235632
10/11/2024,-2.252096056
10/14/2024,-2.604694644
10/15/2024,-2.64400227
10/16/2024,-2.720311205
10/17/2024,-1.732185343
10/18/2024,-2.822961345
10/21/2024,-3.01177866
10/22/2024,-2.665739886
10/23/2024,-2.605619547
10/24/2024,-2.125016439
10/25/2024,-2.74561028
10/28/2024,-2.720373097
10/29/2024,-2.0128051
10/30/2024,-1.710340628
10/31/2024,-2.082646507
11/1/2024,-1.651674226
11/4/2024,-2.147249431
11/5/2024,-2.801992756
11/6/2024,0.00038278
11/7/2024,-0.995956681
11/8/2024,-1.597023627
11/11/2024,-1.654236392
11/12/2024,-1.925435299
11/13/2024,-1.137236367
11/14/2024,-1.180146616
11/15/2024,-1.271232212
11/18/2024,-1.898355374
11/19/2024,-1.202978143
11/20/2024,-1.741995388
11/21/2024,-1.347754589
11/22/2024,0.16558084
11/25/2024,-0.960417834
11/26/2024,-0.721700096
11/27/2024,-1.006972165
11/28/2024,-1.870389513
11/29/2024,-1.387991767
12/2/2024,-0.9671655
12/3/2024,-1.531357645
12/4/2024,-1.377269863
12/5/2024,-1.510906489
12/6/2024,-1.064307465
12/9/2024,-1.803734423
12/10/2024,-1.950344938
12/11/2024,-1.484823475
12/12/2024,-1.424564525
12/13/2024,-1.759800174
12/16/2024,-1.620784342
12/17/2024,-2.031239124
12/18/2024,-0.482683476
12/19/2024,-1.16105365
12/20/2024,-1.318016918
12/23/2024,-1.742316604
12/24/2024,-2.167785229
12/26/2024,-2.654280146
12/27/2024,-2.182033642
12/30/2024,-1.407607403
12/31/2024,-1.944311177
1/2/2025,-0.828413095
1/3/2025,-1.937156321
1/6/2025,-0.332990416
1/7/2025,-1.202580282
1/8/2025,-1.413035729
1/9/2025,-2.146035692
1/10/2025,-0.091819324
1/13/2025,-1.234885904
1/14/2025,-1.254698655
1/15/2025,-0.995226883
1/16/2025,-1.280876103
1/17/2025,-1.462718638
1/20/2025,0.166894915
1/21/2025,-0.768643398
1/22/2025,-1.506292017
1/23/2025,-1.836544699
1/24/2025,-1.357880352
1/27/2025,-1.547552179
1/28/2025,-1.412263292
1/29/2025,-1.475268339
1/30/2025,-0.73442687
1/31/2025,-0.878429288
2/3/2025,0.131969198
2/4/2025,-1.328617925
2/5/2025,-1.643250595
2/6/2025,-1.871233556
2/7/2025,-0.75051463
2/10/2025,-1.816780537
2/11/2025,-2.288057448
2/12/2025,-0.830621248
2/13/2025,-0.929720881
2/14/2025,-1.875401893
2/17/2025,-2.538873461
2/18/2025,-2.12403316
2/19/2025,-2.156964134
2/20/2025,-1.971472588
2/21/2025,-1.759715257
2/24/2025,-1.542788373
2/25/2025,-1.855592193
2/26/2025,-1.508334502
2/27/2025,-1.562192991
2/28/2025,-1.543687441
3/3/2025,-1.388693038
3/4/2025,-0.899011009
3/5/2025,-0.452675053
3/6/2025,-0.551304384
3/7/2025,-0.682492341
3/10/2025,-0.787194878
3/11/2025,-1.037716838
3/12/2025,-1.485498917
3/13/2025,-1.386351084
3/14/2025,-1.287981602
3/17/2025,-1.984922135
3/18/2025,-1.682284751
3/19/2025,-1.231568233
3/20/2025,-1.486746576
3/21/2025,-1.688723394
3/24/2025,-1.411970967
3/25/2025,-1.961347077
3/26/2025,-1.833315979
3/27/2025,-1.483582058
3/28/2025,-1.633287482
3/31/2025,-1.372167776
4/1/2025,-1.539321172
4/2/2025,-0.71427224
4/3/2025,0.283262014
4/4/2025,0.105284877
4/7/2025,0.16803802
,
,
,
,
,
,
,
,
,
,
,
,
,
,
,
,
,
,
,
,
,
,
,
,
,
,
,
,
,
,
,
,
,
,
,
,
,
,
,
,
,
,
,
,
,
,
,
,
,
,
,
,
,
,
,
,
,
,
,
,
,
,
,
,
,
,
,
,
,
,
,
,
,
,
,
,
,
,
,
,
,
,
,
,
,
,
,
,
,
,
,
,
,
,
,
,
,
,
,
,
,
,
,
,
,
,
,
,
,
,
,
,
,
,
,
,
,
,
,
,
,
,
,
,
,
,
,
,
,
,
,
,
,
,
,
,
,
,
,
,
,
,
,
,
,
,
,
,
,
,
,
,
,
,
,
,
,
,
,
,
,
,
,
,
,
,
,
,
,
,
,
,
,
,
,
,
,
,
,
,
,
,
,
,
,
,
,
,
,
,
,
